full_tag,site_label,sts,wb,emi,raw_parameter,canonical_parameter,parameter_class,channel_group,event_count,source_zip_count,source_csv_count,coverage_start_raw,coverage_end_raw,timestamp_shape,zero_change_count,nonzero_change_count,deadband_estimate,deadband_support,deadband_support_fraction,deadband_relative_mad,deadband_confidence,deadband_lower_anomaly_count,deadband_unresolved_reason,interarrival_p50_s,interarrival_p90_s,interarrival_p99_s,max_gap_s,active_interval_count,active_interarrival_p50_s,active_interarrival_p90_s,active_interarrival_p99_s,max_active_gap_s,max_active_gap_start_ns,max_active_gap_end_ns,flat_or_night_interval_count,flat_interarrival_p50_s,flat_interarrival_p90_s,flat_interarrival_p99_s,observed_heartbeat_candidate_s,heartbeat_support,heartbeat_support_fraction,heartbeat_coefficient_of_variation,heartbeat_confidence,heartbeat_unresolved_reason,configured_max_report_time_status,sibling_events_during_max_active_gap,abs_delta_min,abs_delta_p01,abs_delta_p05,abs_delta_p50,abs_delta_p90,abs_delta_p99,event_count_before_integrity,event_count_after_integrity,exact_duplicate_count,timestamp_conflict_count,order_violation_count
PLTS IKN / STS02 / WB02_EMI05 / MEAS / Daily radiation,PLTS IKN,STS02,WB02,EMI05,Daily radiation,GHI Daily Acummulation,irradiance_accumulation,,319949,1,6,2026-06-01 06:02:25.134,2026-06-30 23:56:54.289,naive,100,319848,0.000278,187875,0.587388384,7.987216e-13,high,0,,3.031,6.077,22.761,22938.269,0,,,,,,,0,,,,,45,0.45,0.326186691,unresolved,no stable repeated-value interval cluster,unknown,0,0.000277,0.000277,0.000277,0.000278,0.000833,0.001111,319949,319949,0,0,1
PLTS IKN / STS02 / WB02_EMI05 / MEAS / Total Irradiance,PLTS IKN,STS02,WB02,EMI05,Total Irradiance,Global Horizontal Irradiance (GHI),instantaneous_irradiance,GHI,533171,1,9,2026-06-01 05:53:12.603,2026-06-30 23:52:08.111,naive,73,533097,0.1,145459,0.272856535,6.00000001e-05,high,0,,1.531,4.484,10.654,42682.023,529582,1.531,3.515,9.108,373.598,1.78143371e+18,1.78143408e+18,3588,10.623,27.26,9747.33971,,29,0.397260274,0.399469698,unresolved,no stable repeated-value interval cluster,unknown,0,0.099975,0.099976,0.099991,0.399964,7.600006,93,533171,533171,0,0,2
PLTS IKN / STS04 / WB04_EMI04 / MEAS / AMBIENT AIR HUMIDITY,PLTS IKN,STS04,WB04,EMI04,AMBIENT AIR HUMIDITY,AMBIENT AIR HUMIDITY,meteorological,,51921,1,1,2026-06-01 08:43:23.369,2026-06-30 21:30:56.174,naive,0,51920,0.099999,25257,0.486459938,1.00001e-05,high,0,,19.824,42.882,95.544,59351.962,0,,,,,,,0,,,,,0,0,,unresolved,insufficient same-value intervals,unknown,0,0.099998,0.099998,0.099998,0.199996,0.5,0.900001,51921,51921,0,0,0
PLTS IKN / STS04 / WB04_EMI04 / MEAS / AMBIENT AIR TEMP,PLTS IKN,STS04,WB04,EMI04,AMBIENT AIR TEMP,AMBIENT AIR TEMP,meteorological,,15738,1,1,2026-06-01 00:01:03.679,2026-06-30 23:57:21.393,naive,0,15737,0.1,11682,0.742327,9.99999997e-06,high,0,,115.477,324.5422,686.05024,1626.257,0,,,,,,,0,,,,,0,0,,unresolved,insufficient same-value intervals,unknown,0,0.099998,0.099998,0.099998,0.100001,0.200001,0.300001,15738,15738,0,0,0
PLTS IKN / STS04 / WB04_EMI04 / MEAS / DAILY RAINFALL,PLTS IKN,STS04,WB04,EMI04,DAILY RAINFALL,DAILY RAINFALL,meteorological,,213,1,1,2026-06-01 15:47:58.278,2026-06-30 23:59:00.108,naive,0,212,0.2,131,0.617924528,8.32667268e-16,high,5,,125.327,20178.8259,222209.453,602274.953,0,,,,,,,0,,,,,0,0,,unresolved,insufficient same-value intervals,unknown,0,0.1,0.1,0.2,0.2,1,9.267,213,213,0,0,0
PLTS IKN / STS04 / WB04_EMI04 / MEAS / DHI DAILY ACCUM,PLTS IKN,STS04,WB04,EMI04,DHI DAILY ACCUM,DHI Daily Acummulation,irradiance_accumulation,,16352,1,1,2026-06-01 06:24:06.612,2026-06-30 23:57:50.934,naive,0,16351,0.002778,7225,0.441868999,7.99296634e-14,high,0,,62.754,121.992,372.653,29375.871,0,,,,,,,0,,,,,0,0,,unresolved,insufficient same-value intervals,unknown,0,0.002777,0.002777,0.002777,0.005555,0.011112,0.016667,16352,16352,0,0,0
PLTS IKN / STS04 / WB04_EMI04 / MEAS / DHI MONTHLY ACCUM,PLTS IKN,STS04,WB04,EMI04,DHI MONTHLY ACCUM,DHI Monthly Acummulation,irradiance_accumulation,,346,1,1,2026-06-01 08:26:00.731,2026-06-30 23:57:47.669,naive,0,345,0.277778,344,0.997101449,3.59999712e-06,high,0,,2596.428,7357.6608,59434.7246,60683.174,0,,,,,,,0,,,,,0,0,,unresolved,insufficient same-value intervals,unknown,0,0.27777,0.27777,0.277775,0.277778,0.277779,0.277779,346,346,0,0,0
PLTS IKN / STS04 / WB04_EMI04 / MEAS / DHI YEARLY ACCUM,PLTS IKN,STS04,WB04,EMI04,DHI YEARLY ACCUM,DHI Yearly Acummulation,irradiance_accumulation,,343,1,1,2026-06-01 07:53:46.956,2026-06-30 16:16:46.917,naive,0,342,0.277771,342,1,0,high,0,,2583.436,6898.9636,60729.8595,62059.775,0,,,,,,,0,,,,,0,0,,unresolved,insufficient same-value intervals,unknown,0,0.277771,0.277771,0.277771,0.277771,0.277832,0.277832,343,343,0,0,0
PLTS IKN / STS04 / WB04_EMI04 / MEAS / DIFFUSE HORIZONTAL IRRADIANCE (DHI),PLTS IKN,STS04,WB04,EMI04,DIFFUSE HORIZONTAL IRRADIANCE (DHI),Diffuse Horizontal Irradiance (DHI),instantaneous_irradiance,DHI,51722,1,1,2026-06-01 06:11:24.997,2026-06-30 17:58:41.647,naive,0,51721,1,14521,0.280756366,0,high,0,,19.825,39.617,98.9968,48089.112,51721,19.825,39.617,98.9968,48089.112,1.7811148e+18,1.78116288e+18,0,,,,,0,0,,unresolved,insufficient same-value intervals,unknown,3,1,1,1,3,47,358,51722,51722,0,0,0
PLTS IKN / STS04 / WB04_EMI04 / MEAS / DIRECT HORIZONTAL IRRADIANCE (DNI*cosZ),PLTS IKN,STS04,WB04,EMI04,DIRECT HORIZONTAL IRRADIANCE (DNI*cosZ),Direct Horizontal Irradiance (DNIcosZ),instantaneous_irradiance,DNIcosZ,5875,1,1,2026-06-01 10:55:48.226,2026-06-30 14:41:12.423,naive,0,5874,1,1382,0.235274089,0,high,0,,19.825,46.2097,2212.08314,82717.517,5814,19.824,46.132,778.39919,82717.517,1.78117903e+18,1.78126175e+18,60,151.7515,8874.8121,73804.5392,,0,0,,unresolved,insufficient same-value intervals,unknown,2775,1,1,1,6,74,246,5875,5875,0,0,0
PLTS IKN / STS04 / WB04_EMI04 / MEAS / DNI*cosZ DAILY ACCUM,PLTS IKN,STS04,WB04,EMI04,DNI*cosZ DAILY ACCUM,DNIcosZ Daily Acummulation,irradiance_accumulation,,1253,1,1,2026-06-01 10:57:33.830,2026-06-30 23:57:50.934,naive,0,1252,0.002778,528,0.42172524,6.24450495e-16,high,0,,65.94,371.824,42753.6774,126349.684,0,,,,,,,0,,,,,0,0,,unresolved,insufficient same-value intervals,unknown,0,0.002777,0.002777,0.002777,0.005555,0.005556,0.177778,1253,1253,0,0,0
PLTS IKN / STS04 / WB04_EMI04 / MEAS / DNI*cosZ MONTHLY ACCUM,PLTS IKN,STS04,WB04,EMI04,DNI*cosZ MONTHLY ACCUM,DNIcosZ Monthly Acummulation,irradiance_accumulation,,20,1,1,2026-06-02 11:28:22.893,2026-06-30 23:57:47.669,naive,0,19,,0,0,,unresolved,0,insufficient positive deltas for a supported lower-edge cluster,88098.858,241250.763,411651.951,426971.651,0,,,,,,,0,,,,,0,0,,unresolved,insufficient same-value intervals,unknown,0,0.277777,0.277777,0.277777,0.277778,0.277778,4.377778,20,20,0,0,0
PLTS IKN / STS04 / WB04_EMI04 / MEAS / DNI*cosZ YEARLY ACCUM,PLTS IKN,STS04,WB04,EMI04,DNI*cosZ YEARLY ACCUM,DNIcosZ Yearly Acummulation,irradiance_accumulation,,20,1,1,2026-06-01 11:46:49.700,2026-06-30 11:06:44.353,naive,0,19,,0,0,,unresolved,0,insufficient positive deltas for a supported lower-edge cluster,86611.426,256793.113,329103.734,344666.816,0,,,,,,,0,,,,,0,0,,unresolved,insufficient same-value intervals,unknown,0,0.277776,0.277776,0.277776,0.277778,0.277779,0.277779,20,20,0,0,0
PLTS IKN / STS04 / WB04_EMI04 / MEAS / GHI DAILY ACCUM,PLTS IKN,STS04,WB04,EMI04,GHI DAILY ACCUM,GHI Daily Acummulation,irradiance_accumulation,,16962,1,1,2026-06-01 06:23:04.030,2026-06-30 23:57:50.934,naive,0,16961,0.002778,5533,0.326218973,6.0571698e-14,high,0,,62.738,75.922,362.9628,29184.534,0,,,,,,,0,,,,,0,0,,unresolved,insufficient same-value intervals,unknown,0,0.002777,0.002777,0.002777,0.005556,0.016666,0.019444,16962,16962,0,0,0
PLTS IKN / STS04 / WB04_EMI04 / MEAS / GHI MONTHLY ACCUM,PLTS IKN,STS04,WB04,EMI04,GHI MONTHLY ACCUM,GHI Monthly Acummulation,irradiance_accumulation,,464,1,1,2026-06-01 08:12:34.796,2026-06-30 23:57:47.669,naive,0,463,0.277778,462,0.997840173,3.5999971e-06,high,0,,1857.078,4970.7254,57813.7002,59813.046,0,,,,,,,0,,,,,0,0,,unresolved,insufficient same-value intervals,unknown,0,0.27777,0.27777,0.27777,0.277778,0.277779,0.277779,464,464,0,0,0
PLTS IKN / STS04 / WB04_EMI04 / MEAS / GHI YEARLY ACCUM,PLTS IKN,STS04,WB04,EMI04,GHI YEARLY ACCUM,GHI Yearly Acummulation,irradiance_accumulation,,457,1,1,2026-06-01 07:31:14.739,2026-06-30 16:22:59.687,naive,0,456,0.277771,456,1,0,high,0,,1798.3875,4115.6095,59940.9245,65946.664,0,,,,,,,0,,,,,0,0,,unresolved,insufficient same-value intervals,unknown,0,0.277771,0.277771,0.277771,0.277771,0.277832,0.277832,457,457,0,0,0
PLTS IKN / STS04 / WB04_EMI04 / MEAS / GLOBAL HORIZONTAL IRRADIANCE (GHI),PLTS IKN,STS04,WB04,EMI04,GLOBAL HORIZONTAL IRRADIANCE (GHI),Global Horizontal Irradiance (GHI),instantaneous_irradiance,GHI,53445,1,1,2026-06-01 06:10:55.315,2026-06-30 17:59:27.841,naive,0,53444,1,14008,0.26210613,0,high,0,,19.824,39.523,89.092,47907.648,53444,19.824,39.523,89.092,47907.648,1.78111483e+18,1.78116274e+18,0,,,,,0,0,,unresolved,insufficient same-value intervals,unknown,0,1,1,1,4,74,438.57,53445,53445,0,0,0
PLTS IKN / STS04 / WB04_EMI04 / MEAS / IN-PLANE REAR-SIDE IRRADIANCE (RSI) 03,PLTS IKN,STS04,WB04,EMI04,IN-PLANE REAR-SIDE IRRADIANCE (RSI) 03,In-Plane Rear-Side Irradiance (RSI) 03,instantaneous_irradiance,RSI,12359,1,1,2026-06-01 07:52:21.286,2026-06-30 16:22:39.941,naive,0,12358,1,6155,0.498057938,0,high,0,,23.12,128.74,808.44776,72799.671,12358,23.12,128.74,808.44776,72799.671,1.78152643e+18,1.78159923e+18,0,,,,,0,0,,unresolved,insufficient same-value intervals,unknown,1348,1,1,1,2,10,19,12359,12359,0,0,0
PLTS IKN / STS04 / WB04_EMI04 / MEAS / PEAK OF SUN HOURS,PLTS IKN,STS04,WB04,EMI04,PEAK OF SUN HOURS,PEAK OF SUN HOURS,meteorological,,10904,1,1,2026-06-01 06:38:40.736,2026-06-30 23:57:50.934,naive,0,10903,0.01,8879,0.814363019,5.55111512e-15,high,0,,66.033,191.321,749.17238,30431.413,0,,,,,,,0,,,,,0,0,,unresolved,insufficient same-value intervals,unknown,0,0.01,0.01,0.01,0.01,0.02,0.02,10904,10904,0,0,0
PLTS IKN / STS04 / WB04_EMI04 / MEAS / RSI DAILY ACCUM 03,PLTS IKN,STS04,WB04,EMI04,RSI DAILY ACCUM 03,RSI 03 Daily Acummulation,irradiance_accumulation,,758,1,1,2026-06-01 08:26:00.731,2026-06-30 23:57:50.934,naive,0,757,0.002778,727,0.960369881,1.24890099e-15,high,0,,811.73,3393.4408,33885.0848,41938.108,0,,,,,,,0,,,,,0,0,,unresolved,insufficient same-value intervals,unknown,0,0.002777,0.002777,0.002777,0.002778,0.002778,0.08733332,758,758,0,0,0
PLTS IKN / STS04 / WB04_EMI04 / MEAS / RSI MONTHLY ACCUM 03,PLTS IKN,STS04,WB04,EMI04,RSI MONTHLY ACCUM 03,RSI 03 Monthly Acummulation,irradiance_accumulation,,8,1,1,2026-06-04 10:45:53.697,2026-06-30 23:57:47.669,naive,0,7,,0,0,,unresolved,0,insufficient positive deltas for a supported lower-edge cluster,336852.26,426349.308,435017.075,435980.16,0,,,,,,,0,,,,,0,0,,unresolved,insufficient same-value intervals,unknown,0,0.277777,0.277777,0.277777,0.277778,0.9444444,1.84444404,8,8,0,0,0
PLTS IKN / STS04 / WB04_EMI04 / MEAS / RSI YEARLY ACCUM 03,PLTS IKN,STS04,WB04,EMI04,RSI YEARLY ACCUM 03,RSI 03 Yearly Acummulation,irradiance_accumulation,,7,1,1,2026-06-02 11:55:52.255,2026-06-26 15:47:46.186,naive,0,6,,0,0,,unresolved,0,insufficient positive deltas for a supported lower-edge cluster,348587.3,429934.285,438107.208,439015.31,0,,,,,,,0,,,,,0,0,,unresolved,insufficient same-value intervals,unknown,0,0.277777,0.27777705,0.27777725,0.277778,0.277778,0.277778,7,7,0,0,0
PLTS IKN / STS05 / WB05_EMI02 / MEAS / AMBIENT AIR HUMIDITY,PLTS IKN,STS05,WB05,EMI02,AMBIENT AIR HUMIDITY,AMBIENT AIR HUMIDITY,meteorological,,49887,1,1,2026-06-01 07:24:18.087,2026-06-30 23:59:59.955,naive,209,49677,0.099999,30860,0.621213036,1.00001e-05,high,0,,23.104,49.522,181.4194,89597.825,0,,,,,,,0,,,,,149,0.71291866,0.609755468,unresolved,no stable repeated-value interval cluster,unknown,0,0.099998,0.099998,0.099998,0.100006,0.5,1.099998,49887,49887,0,0,1
PLTS IKN / STS05 / WB05_EMI02 / MEAS / AMBIENT AIR TEMP,PLTS IKN,STS05,WB05,EMI02,AMBIENT AIR TEMP,AMBIENT AIR TEMP,meteorological,,9545,1,1,2026-06-01 07:24:18.087,2026-06-30 23:56:35.590,naive,242,9302,0.1,8003,0.860352612,9.99999997e-06,high,0,,132.06,379.6705,861.80678,89597.825,0,,,,,,,0,,,,,146,0.603305785,0.578333439,unresolved,no stable repeated-value interval cluster,unknown,0,0.099998,0.099998,0.099998,0.1,0.199999,0.299999,9545,9545,0,0,0
PLTS IKN / STS05 / WB05_EMI02 / MEAS / DAILY RAINFALL,PLTS IKN,STS05,WB05,EMI02,DAILY RAINFALL,DAILY RAINFALL,meteorological,,413,1,1,2026-06-01 07:24:18.087,2026-06-30 23:59:33.633,naive,271,141,0.2,87,0.617021277,8.32667268e-16,high,2,,69.3695,18790.1281,75913.1552,100644.469,0,,,,,,,0,,,,,146,0.538745387,0.575001414,unresolved,no stable repeated-value interval cluster,unknown,0,0.1,0.14,0.2,0.2,1.2,11.1,413,413,0,0,0
PLTS IKN / STS05 / WB05_EMI02 / MEAS / DHI DAILY ACCUM,PLTS IKN,STS05,WB05,EMI02,DHI DAILY ACCUM,DHI Daily Acummulation,irradiance_accumulation,,11533,1,1,2026-06-01 07:24:18.087,2026-06-30 23:57:05.349,naive,256,11276,0.002778,3503,0.310659808,6.08839233e-14,high,0,,69.267,72.7811,529.92013,89597.825,0,,,,,,,0,,,,,159,0.62109375,0.582805927,unresolved,no stable repeated-value interval cluster,unknown,0,0.002777,0.002777,0.002777,0.005556,0.013889,0.016667,11533,11533,0,0,0
PLTS IKN / STS05 / WB05_EMI02 / MEAS / DHI MONTHLY ACCUM,PLTS IKN,STS05,WB05,EMI02,DHI MONTHLY ACCUM,DHI Monthly Acummulation,irradiance_accumulation,,579,1,1,2026-06-01 07:24:18.087,2026-06-30 16:51:09.416,naive,272,306,0.277778,304,0.993464052,3.59999712e-06,high,0,,1358.6615,6437.0079,56059.0159,89597.825,0,,,,,,,0,,,,,147,0.540441176,0.572697111,unresolved,no stable repeated-value interval cluster,unknown,0,0.277775,0.277775,0.277775,0.277778,0.277779,0.277779,579,579,0,0,0
PLTS IKN / STS05 / WB05_EMI02 / MEAS / DHI YEARLY ACCUM,PLTS IKN,STS05,WB05,EMI02,DHI YEARLY ACCUM,DHI Yearly Acummulation,irradiance_accumulation,,578,1,1,2026-06-01 07:24:18.087,2026-06-30 16:22:16.414,naive,271,306,0.277771,304,0.993464052,3.60008794e-06,high,0,,1351.015,6097.4952,56194.1022,89597.825,0,,,,,,,0,,,,,147,0.542435424,0.57483772,unresolved,no stable repeated-value interval cluster,unknown,0,0.27777,0.27777,0.27777,0.277771,0.277787,0.277787,578,578,0,0,0
PLTS IKN / STS05 / WB05_EMI02 / MEAS / DIFFUSE HORIZONTAL IRRADIANCE (DHI),PLTS IKN,STS05,WB05,EMI02,DIFFUSE HORIZONTAL IRRADIANCE (DHI),Diffuse Horizontal Irradiance (DHI),instantaneous_irradiance,DHI,31683,1,1,2026-06-01 07:24:18.087,2026-06-30 18:00:47.669,naive,218,31464,1,7751,0.246345029,0,high,0,,23.12,39.617,105.68219,89597.825,31619,23.12,39.602,102.32112,89597.825,1.78039523e+18,1.78048482e+18,63,10.013,7734.259,23127.8558,,164,0.752293578,0.600115073,unresolved,no stable repeated-value interval cluster,unknown,12,1,1,1,4,83,470,31683,31683,0,0,0
PLTS IKN / STS05 / WB05_EMI02 / MEAS / DIRECT HORIZONTAL IRRADIANCE (DNI*cosZ),PLTS IKN,STS05,WB05,EMI02,DIRECT HORIZONTAL IRRADIANCE (DNI*cosZ),Direct Horizontal Irradiance (DNIcosZ),instantaneous_irradiance,DNIcosZ,714,1,1,2026-06-01 07:24:18.087,2026-06-30 14:38:25.113,naive,271,442,1,381,0.86199095,0,high,0,,69.315,7686.694,67402.4088,100644.469,370,69.416,366.8899,2255.56638,51166.965,1.78197163e+18,1.78202279e+18,343,69.236,19102.213,78787.4501,,147,0.542435424,0.577232827,unresolved,no stable repeated-value interval cluster,unknown,818,1,1,1,1,2,8.59,714,714,0,0,0
PLTS IKN / STS05 / WB05_EMI02 / MEAS / DNI*cosZ DAILY ACCUM,PLTS IKN,STS05,WB05,EMI02,DNI*cosZ DAILY ACCUM,DNIcosZ Daily Acummulation,irradiance_accumulation,,363,1,1,2026-06-01 07:24:18.087,2026-06-30 14:38:25.113,naive,271,91,0.002778,83,0.912087912,1.24890099e-15,high,0,,428.966,24614.0417,77989.0295,100644.469,0,,,,,,,0,,,,,146,0.538745387,0.575009925,unresolved,no stable repeated-value interval cluster,unknown,0,0.002777,0.002777,0.002777,0.002778,0.002778,0.0697218,363,363,0,0,0
PLTS IKN / STS05 / WB05_EMI02 / MEAS / DNI*cosZ MONTHLY ACCUM,PLTS IKN,STS05,WB05,EMI02,DNI*cosZ MONTHLY ACCUM,DNIcosZ Monthly Acummulation,irradiance_accumulation,,273,1,1,2026-06-01 07:24:18.087,2026-06-30 14:38:25.113,naive,271,1,,0,0,,unresolved,0,insufficient positive deltas for a supported lower-edge cluster,16.2685,37802.9838,83072.574,100644.469,0,,,,,,,0,,,,,146,0.538745387,0.575009925,unresolved,no stable repeated-value interval cluster,unknown,0,0.555556,0.555556,0.555556,0.555556,0.555556,0.555556,273,273,0,0,0
PLTS IKN / STS05 / WB05_EMI02 / MEAS / DNI*cosZ YEARLY ACCUM,PLTS IKN,STS05,WB05,EMI02,DNI*cosZ YEARLY ACCUM,DNIcosZ Yearly Acummulation,irradiance_accumulation,,274,1,1,2026-06-01 07:24:18.087,2026-06-30 14:38:25.113,naive,271,2,,0,0,,unresolved,0,insufficient positive deltas for a supported lower-edge cluster,16.299,37636.6496,82985.6707,100644.469,0,,,,,,,0,,,,,146,0.538745387,0.575009925,unresolved,no stable repeated-value interval cluster,unknown,0,0.277778,0.49722244,1.3750002,11.25,20.0277776,22.0027776,274,274,0,0,0
PLTS IKN / STS05 / WB05_EMI02 / MEAS / GHI DAILY ACCUM,PLTS IKN,STS05,WB05,EMI02,GHI DAILY ACCUM,GHI Daily Acummulation,irradiance_accumulation,,11610,1,1,2026-06-01 07:24:18.087,2026-06-30 23:57:05.349,naive,258,11351,0.002778,3245,0.285877896,6.0571698e-14,high,0,,69.252,72.752,492.14052,89597.825,0,,,,,,,0,,,,,162,0.627906977,0.577307038,unresolved,no stable repeated-value interval cluster,unknown,0,0.002777,0.002777,0.002777,0.005556,0.016666,0.019445,11610,11610,0,0,0
PLTS IKN / STS05 / WB05_EMI02 / MEAS / GHI MONTHLY ACCUM,PLTS IKN,STS05,WB05,EMI02,GHI MONTHLY ACCUM,GHI Monthly Acummulation,irradiance_accumulation,,603,1,1,2026-06-01 07:24:18.087,2026-06-30 16:10:00.216,naive,272,330,0.277778,328,0.993939394,3.59999712e-06,high,0,,1291.1835,6084.3402,54708.5203,89597.825,0,,,,,,,0,,,,,148,0.544117647,0.574787494,unresolved,no stable repeated-value interval cluster,unknown,0,0.27777,0.277775,0.277775,0.277778,0.277779,0.277779,603,603,0,0,0
PLTS IKN / STS05 / WB05_EMI02 / MEAS / GHI YEARLY ACCUM,PLTS IKN,STS05,WB05,EMI02,GHI YEARLY ACCUM,GHI Yearly Acummulation,irradiance_accumulation,,603,1,1,2026-06-01 07:24:18.087,2026-06-30 16:15:56.911,naive,272,330,0.277771,329,0.996969697,3.60008773e-06,high,0,,1254.776,5291.8915,54326.8238,89597.825,0,,,,,,,0,,,,,148,0.544117647,0.574202337,unresolved,no stable repeated-value interval cluster,unknown,0,0.27777,0.27777,0.27777,0.277771,0.277787,0.277802,603,603,0,0,0
PLTS IKN / STS05 / WB05_EMI02 / MEAS / GLOBAL HORIZONTAL IRRADIANCE (GHI),PLTS IKN,STS05,WB05,EMI02,GLOBAL HORIZONTAL IRRADIANCE (GHI),Global Horizontal Irradiance (GHI),instantaneous_irradiance,GHI,32023,1,1,2026-06-01 07:24:18.087,2026-06-30 18:00:57.558,naive,216,31806,1,7794,0.245048104,0,high,0,,23.12,39.555,99.07874,89597.825,31959,23.12,39.508,95.81572,89597.825,1.78039523e+18,1.78048482e+18,63,10.013,7734.259,23077.5508,,160,0.740740741,0.606412682,unresolved,no stable repeated-value interval cluster,unknown,12,1,1,1,4,87,494.95,32023,32023,0,0,0
PLTS IKN / STS05 / WB05_EMI02 / MEAS / GLOBAL INCLINED IRRADIANCE (POA),PLTS IKN,STS05,WB05,EMI02,GLOBAL INCLINED IRRADIANCE (POA),Global Inclined Irradiance (POA),instantaneous_irradiance,POA,32510,1,1,2026-06-01 07:24:18.087,2026-06-30 18:01:20.647,naive,215,32294,1,7423,0.229856939,0,high,0,,23.12,32.994,99.00988,89597.825,32446,23.12,32.978,95.731,89597.825,1.78039523e+18,1.78048482e+18,63,10.013,7721.0554,23041.6318,,159,0.739534884,0.600965088,unresolved,no stable repeated-value interval cluster,unknown,12,1,1,1,4,94,531.07,32510,32510,0,0,1
PLTS IKN / STS05 / WB05_EMI02 / MEAS / IN-PLANE REAR-SIDE IRRADIANCE (RSI) 01,PLTS IKN,STS05,WB05,EMI02,IN-PLANE REAR-SIDE IRRADIANCE (RSI) 01,In-Plane Rear-Side Irradiance (RSI) 01,instantaneous_irradiance,RSI,9374,1,1,2026-06-01 07:24:18.087,2026-06-30 16:28:03.064,naive,245,9128,1,5003,0.548093777,0,high,0,,26.416,135.379,926.59416,89597.825,9213,26.416,122.1918,487.92168,64408.67,1.78153397e+18,1.78159838e+18,160,14.954,23775.3535,84115.4128,,144,0.587755102,0.598026184,unresolved,no stable repeated-value interval cluster,unknown,1281,1,1,1,1,9,17,9374,9374,0,0,1
PLTS IKN / STS05 / WB05_EMI02 / MEAS / IN-PLANE REAR-SIDE IRRADIANCE (RSI) 02,PLTS IKN,STS05,WB05,EMI02,IN-PLANE REAR-SIDE IRRADIANCE (RSI) 02,In-Plane Rear-Side Irradiance (RSI) 02,instantaneous_irradiance,RSI,9152,1,1,2026-06-01 07:24:18.087,2026-06-30 16:26:53.766,naive,243,8908,1,4678,0.525145936,0,high,0,,26.401,122.069,1198.5605,89597.825,8980,26.401,118.8845,519.14229,65395.96,1.78153337e+18,1.78159877e+18,171,14.404,22650.973,83159.4772,,145,0.596707819,0.63152853,unresolved,no stable repeated-value interval cluster,unknown,1414,1,1,1,1,9,18,9152,9152,0,0,0
PLTS IKN / STS05 / WB05_EMI02 / MEAS / IN-PLANE REAR-SIDE IRRADIANCE (RSI) 03,PLTS IKN,STS05,WB05,EMI02,IN-PLANE REAR-SIDE IRRADIANCE (RSI) 03,In-Plane Rear-Side Irradiance (RSI) 03,instantaneous_irradiance,RSI,9514,1,1,2026-06-01 07:24:18.087,2026-06-30 16:28:03.064,naive,249,9264,1,4982,0.537780656,0,high,0,,26.401,121.0852,1095.59596,89597.825,9355,26.401,118.883,518.26686,64788.486,1.78153359e+18,1.78159838e+18,158,14.954,24400.0165,84289.2193,,149,0.598393574,0.596922057,unresolved,no stable repeated-value interval cluster,unknown,1330,1,1,1,1,9,18,9514,9514,0,0,0
PLTS IKN / STS05 / WB05_EMI02 / MEAS / PEAK OF SUN HOURS,PLTS IKN,STS05,WB05,EMI02,PEAK OF SUN HOURS,PEAK OF SUN HOURS,meteorological,,7890,1,1,2026-06-01 07:24:18.087,2026-06-30 23:57:05.349,naive,261,7628,0.01,6051,0.793261668,2.22044605e-14,high,0,,69.424,184.745,2485.32424,89597.825,0,,,,,,,0,,,,,158,0.605363985,0.581736207,unresolved,no stable repeated-value interval cluster,unknown,0,0.01,0.01,0.01,0.01,0.02,0.02,7890,7890,0,0,0
PLTS IKN / STS05 / WB05_EMI02 / MEAS / POA DAILY ACCUM,PLTS IKN,STS05,WB05,EMI02,POA DAILY ACCUM,POA Daily Acummulation,irradiance_accumulation,,11780,1,1,2026-06-01 07:24:18.087,2026-06-30 23:57:05.349,naive,256,11523,0.002778,3029,0.262865573,6.0571698e-14,high,0,,69.236,72.72,484.94184,89597.825,0,,,,,,,0,,,,,160,0.625,0.58056447,unresolved,no stable repeated-value interval cluster,unknown,0,0.002777,0.002777,0.002777,0.008333,0.016667,0.019445,11780,11780,0,0,0
PLTS IKN / STS05 / WB05_EMI02 / MEAS / POA MONTHLY ACCUM,PLTS IKN,STS05,WB05,EMI02,POA MONTHLY ACCUM,POA Monthly Acummulation,irradiance_accumulation,,632,1,1,2026-06-01 07:24:18.087,2026-06-30 16:54:10.943,naive,272,359,0.277778,357,0.994428969,3.59999712e-06,high,0,,1175.143,4822.736,53681.3769,89597.825,0,,,,,,,0,,,,,148,0.544117647,0.57298613,unresolved,no stable repeated-value interval cluster,unknown,0,0.27777,0.2777729,0.277775,0.277778,0.277779,0.277779,632,632,0,0,0
PLTS IKN / STS05 / WB05_EMI02 / MEAS / POA YEARLY ACCUM,PLTS IKN,STS05,WB05,EMI02,POA YEARLY ACCUM,POA Yearly Acummulation,irradiance_accumulation,,632,1,1,2026-06-01 07:24:18.087,2026-06-30 17:22:57.164,naive,272,359,0.277771,358,0.997214485,1.02320651e-13,high,0,,1185.282,5035.089,54240.7637,89597.825,0,,,,,,,0,,,,,148,0.544117647,0.570163014,unresolved,no stable repeated-value interval cluster,unknown,0,0.27777,0.27777,0.27777,0.277771,0.277787,0.277802,632,632,0,0,0
PLTS IKN / STS05 / WB05_EMI02 / MEAS / PRESSURE,PLTS IKN,STS05,WB05,EMI02,PRESSURE,PRESSURE,meteorological,,272,1,1,2026-06-01 07:24:18.087,2026-06-30 14:38:25.113,naive,271,0,,0,0,,unresolved,0,insufficient positive deltas for a supported lower-edge cluster,16.238,37969.318,83159.4772,100644.469,0,,,,,,,0,,,,,146,0.538745387,0.57499258,unresolved,no stable repeated-value interval cluster,unknown,0,,,,,,,272,272,0,0,0
PLTS IKN / STS05 / WB05_EMI02 / MEAS / PV MODUL TEMP 01,PLTS IKN,STS05,WB05,EMI02,PV MODUL TEMP 01,PV MODUL TEMP 01,meteorological,,10431,1,1,2026-06-01 07:24:18.087,2026-06-30 23:33:53.468,naive,212,10218,0.1,1744,0.170679194,9.99999997e-06,high,0,,72.673,313.4101,1831.89615,89597.825,0,,,,,,,0,,,,,149,0.702830189,0.565109802,unresolved,no stable repeated-value interval cluster,unknown,0,0.099998,0.099998,0.099998,0.399997,2.100003,6.90000115,10431,10431,0,0,0
PLTS IKN / STS05 / WB05_EMI02 / MEAS / PV MODUL TEMP 02,PLTS IKN,STS05,WB05,EMI02,PV MODUL TEMP 02,PV MODUL TEMP 02,meteorological,,10589,1,1,2026-06-01 07:24:18.087,2026-06-30 23:47:27.994,naive,209,10379,0.1,1937,0.186626843,9.99999997e-06,high,0,,72.673,310.2594,1673.70682,89597.825,0,,,,,,,0,,,,,145,0.693779904,0.584265189,unresolved,no stable repeated-value interval cluster,unknown,0,0.099998,0.099998,0.099998,0.300004,2,6.799999,10589,10589,0,0,0
PLTS IKN / STS05 / WB05_EMI02 / MEAS / PV MODUL TEMP 03,PLTS IKN,STS05,WB05,EMI02,PV MODUL TEMP 03,PV MODUL TEMP 03,meteorological,,10294,1,1,2026-06-01 07:24:18.087,2026-06-30 23:46:21.992,naive,220,10073,0.1,1886,0.187233198,9.99999997e-06,high,0,,72.689,297.1568,1907.84092,89597.825,0,,,,,,,0,,,,,153,0.695454545,0.591134631,unresolved,no stable repeated-value interval cluster,unknown,0,0.099998,0.099998,0.099998,0.299999,1.400002,3.400002,10294,10294,0,0,0
PLTS IKN / STS05 / WB05_EMI02 / MEAS / RSI DAILY ACCUM 01,PLTS IKN,STS05,WB05,EMI02,RSI DAILY ACCUM 01,RSI 01 Daily Acummulation,irradiance_accumulation,,1038,1,1,2026-06-01 07:24:18.087,2026-06-30 23:57:05.349,naive,271,766,0.002778,746,0.973890339,9.36675743e-16,high,0,,551.703,2136.766,36709.3061,89597.825,0,,,,,,,0,,,,,149,0.549815498,0.570596082,unresolved,no stable repeated-value interval cluster,unknown,0,0.002777,0.002777,0.002777,0.002778,0.002778,0.113889,1038,1038,0,0,0
PLTS IKN / STS05 / WB05_EMI02 / MEAS / RSI DAILY ACCUM 02,PLTS IKN,STS05,WB05,EMI02,RSI DAILY ACCUM 02,RSI 02 Daily Acummulation,irradiance_accumulation,,936,1,1,2026-06-01 07:24:18.087,2026-06-30 23:57:05.349,naive,269,666,0.002778,645,0.968468468,9.36675743e-16,high,0,,575.48,3650.0178,38202.945,89597.825,0,,,,,,,0,,,,,147,0.546468401,0.575461745,unresolved,no stable repeated-value interval cluster,unknown,0,0.002777,0.002777,0.002777,0.002778,0.002778,0.1037503,936,936,0,0,0
PLTS IKN / STS05 / WB05_EMI02 / MEAS / RSI DAILY ACCUM 03,PLTS IKN,STS05,WB05,EMI02,RSI DAILY ACCUM 03,RSI 03 Daily Acummulation,irradiance_accumulation,,1010,1,1,2026-06-01 07:24:18.087,2026-06-30 23:57:05.349,naive,269,740,0.002778,718,0.97027027,9.36675743e-16,high,0,,561.467,2475.0248,37700.1617,89597.825,0,,,,,,,0,,,,,148,0.550185874,0.577782858,unresolved,no stable repeated-value interval cluster,unknown,0,0.002777,0.002777,0.002777,0.002778,0.002778,0.111111,1010,1010,0,0,0
PLTS IKN / STS05 / WB05_EMI02 / MEAS / RSI MONTHLY ACCUM 01,PLTS IKN,STS05,WB05,EMI02,RSI MONTHLY ACCUM 01,RSI 01 Monthly Acummulation,irradiance_accumulation,,280,1,1,2026-06-01 07:24:18.087,2026-06-30 14:38:25.113,naive,271,8,,0,0,,unresolved,0,insufficient positive deltas for a supported lower-edge cluster,16.879,36638.6444,82464.2513,100644.469,0,,,,,,,0,,,,,146,0.538745387,0.574996137,unresolved,no stable repeated-value interval cluster,unknown,0,0.277777,0.27777707,0.27777735,0.277778,1.1111114,2.86111154,280,280,0,0,0
PLTS IKN / STS05 / WB05_EMI02 / MEAS / RSI MONTHLY ACCUM 02,PLTS IKN,STS05,WB05,EMI02,RSI MONTHLY ACCUM 02,RSI 02 Monthly Acummulation,irradiance_accumulation,,279,1,1,2026-06-01 07:24:18.087,2026-06-30 14:38:25.113,naive,271,7,,0,0,,unresolved,0,insufficient positive deltas for a supported lower-edge cluster,16.722,36804.9834,82551.1545,100644.469,0,,,,,,,0,,,,,146,0.538745387,0.574962714,unresolved,no stable repeated-value interval cluster,unknown,0,0.277777,0.27777706,0.2777773,0.277778,1.1666668,2.36666668,279,279,0,0,0
PLTS IKN / STS05 / WB05_EMI02 / MEAS / RSI MONTHLY ACCUM 03,PLTS IKN,STS05,WB05,EMI02,RSI MONTHLY ACCUM 03,RSI 03 Monthly Acummulation,irradiance_accumulation,,280,1,1,2026-06-01 07:24:18.087,2026-06-30 14:38:25.113,naive,271,8,,0,0,,unresolved,0,insufficient positive deltas for a supported lower-edge cluster,16.879,36638.6476,82464.2513,100644.469,0,,,,,,,0,,,,,146,0.538745387,0.575000583,unresolved,no stable repeated-value interval cluster,unknown,0,0.277777,0.27777707,0.27777735,0.277778,0.9444446,2.34444446,280,280,0,0,0
PLTS IKN / STS05 / WB05_EMI02 / MEAS / RSI YEARLY ACCUM 01,PLTS IKN,STS05,WB05,EMI02,RSI YEARLY ACCUM 01,RSI 01 Yearly Acummulation,irradiance_accumulation,,280,1,1,2026-06-01 07:24:18.087,2026-06-30 14:38:25.113,naive,271,8,,0,0,,unresolved,0,insufficient positive deltas for a supported lower-edge cluster,16.879,36638.6476,82464.2513,93287.737,0,,,,,,,0,,,,,146,0.538745387,0.574994739,unresolved,no stable repeated-value interval cluster,unknown,0,0.277777,0.27777707,0.27777735,0.277778,1.027778,2.602778,280,280,0,0,0
PLTS IKN / STS05 / WB05_EMI02 / MEAS / RSI YEARLY ACCUM 02,PLTS IKN,STS05,WB05,EMI02,RSI YEARLY ACCUM 02,RSI 02 Yearly Acummulation,irradiance_accumulation,,279,1,1,2026-06-01 07:24:18.087,2026-06-30 14:38:25.113,naive,271,7,,0,0,,unresolved,0,insufficient positive deltas for a supported lower-edge cluster,16.722,34068.0788,82551.1545,100644.469,0,,,,,,,0,,,,,146,0.538745387,0.574981655,unresolved,no stable repeated-value interval cluster,unknown,0,0.277777,0.27777706,0.2777773,0.277778,0.9444448,1.84444498,279,279,0,0,0
PLTS IKN / STS05 / WB05_EMI02 / MEAS / RSI YEARLY ACCUM 03,PLTS IKN,STS05,WB05,EMI02,RSI YEARLY ACCUM 03,RSI 03 Yearly Acummulation,irradiance_accumulation,,280,1,1,2026-06-01 07:24:18.087,2026-06-30 14:38:25.113,naive,271,8,,0,0,,unresolved,0,insufficient positive deltas for a supported lower-edge cluster,16.879,36638.6476,82464.2513,100644.469,0,,,,,,,0,,,,,146,0.538745387,0.575000583,unresolved,no stable repeated-value interval cluster,unknown,0,0.277777,0.277777,0.277777,0.277778,2.1944447,6.21944477,280,280,0,0,0
PLTS IKN / STS05 / WB05_EMI02 / MEAS / WIND DIRECTION,PLTS IKN,STS05,WB05,EMI02,WIND DIRECTION,WIND DIRECTION,meteorological,,141994,1,3,2026-06-01 07:24:18.087,2026-06-30 23:59:53.394,naive,168,141825,1,23417,0.165111934,0,high,0,,6.623,23.136,52.74,89597.825,0,,,,,,,0,,,,,133,0.791666667,0.594206038,unresolved,no stable repeated-value interval cluster,unknown,0,1,1,1,8,45,286,141994,141994,0,0,0
PLTS IKN / STS05 / WB05_EMI02 / MEAS / WIND SPEED,PLTS IKN,STS05,WB05,EMI02,WIND SPEED,WIND SPEED,meteorological,,66903,1,2,2026-06-01 07:24:18.087,2026-06-30 23:59:59.955,naive,203,66699,0.1,35197,0.527699066,2.77555756e-16,high,0,,16.512,26.401,89.17,89597.825,0,,,,,,,0,,,,,154,0.75862069,0.601421823,unresolved,no stable repeated-value interval cluster,unknown,0,0.1,0.1,0.1,0.1,0.8,1.7,66903,66903,0,0,0
PLTS IKN / STS06 / WB06_EMI03 / MEAS / AMBIENT AIR HUMIDITY,PLTS IKN,STS06,WB06,EMI03,AMBIENT AIR HUMIDITY,AMBIENT AIR HUMIDITY,meteorological,,81362,1,2,2026-06-01 06:41:31.484,2026-06-30 23:59:55.941,naive,198,81163,0.099999,41875,0.515937065,1.00001e-05,high,0,,23.105,46.21,148.446,30382.751,0,,,,,,,0,,,,,163,0.823232323,0.570993601,unresolved,no stable repeated-value interval cluster,unknown,0,0.099998,0.099998,0.099998,0.100006,0.899994,1.900001,81362,81362,0,0,1
PLTS IKN / STS06 / WB06_EMI03 / MEAS / AMBIENT AIR TEMP,PLTS IKN,STS06,WB06,EMI03,AMBIENT AIR TEMP,AMBIENT AIR TEMP,meteorological,,15671,1,1,2026-06-01 00:02:46.377,2026-06-30 23:59:09.793,naive,228,15442,0.1,10067,0.651923326,9.99999997e-06,high,0,,99.059,336.4355,825.98476,3284.802,0,,,,,,,0,,,,,171,0.75,0.602210307,unresolved,no stable repeated-value interval cluster,unknown,0,0.099998,0.099998,0.099998,0.100001,0.299999,0.5,15671,15671,0,0,0
PLTS IKN / STS06 / WB06_EMI03 / MEAS / DAILY RAINFALL,PLTS IKN,STS06,WB06,EMI03,DAILY RAINFALL,DAILY RAINFALL,meteorological,,474,1,1,2026-06-01 07:24:17.306,2026-06-30 23:59:09.793,naive,270,203,0.2,132,0.650246305,8.32667268e-16,high,2,,72.595,17834.1598,63347.56,100640.454,0,,,,,,,0,,,,,146,0.540740741,0.590117861,unresolved,no stable repeated-value interval cluster,unknown,0,0.1,0.2,0.2,0.2,1,7.982,474,474,0,0,0
PLTS IKN / STS06 / WB06_EMI03 / MEAS / DHI DAILY ACCUM,PLTS IKN,STS06,WB06,EMI03,DHI DAILY ACCUM,DHI Daily Acummulation,irradiance_accumulation,,17637,1,1,2026-06-01 00:58:31.108,2026-06-30 17:53:35.411,naive,246,17390,0.002778,5010,0.288096607,5.99472475e-14,high,0,,69.299,75.876,363.37495,26657.246,0,,,,,,,0,,,,,154,0.62601626,0.570889686,unresolved,no stable repeated-value interval cluster,unknown,0,0.002777,0.002777,0.002777,0.008332,0.016667,0.019445,17637,17637,0,0,0
PLTS IKN / STS06 / WB06_EMI03 / MEAS / DHI MONTHLY ACCUM,PLTS IKN,STS06,WB06,EMI03,DHI MONTHLY ACCUM,DHI Monthly Acummulation,irradiance_accumulation,,800,1,1,2026-06-01 06:32:00.846,2026-06-30 16:46:57.950,naive,271,528,0.277779,527,0.998106061,3.59998414e-06,high,0,,1251.143,3901.8604,50928.7355,58639.521,0,,,,,,,0,,,,,147,0.542435424,0.587491462,unresolved,no stable repeated-value interval cluster,unknown,0,0.27777,0.27777,0.27777,0.277779,0.277779,0.277787,800,800,0,0,0
PLTS IKN / STS06 / WB06_EMI03 / MEAS / DHI YEARLY ACCUM,PLTS IKN,STS06,WB06,EMI03,DHI YEARLY ACCUM,DHI Yearly Acummulation,irradiance_accumulation,,774,1,1,2026-06-01 07:24:17.306,2026-06-30 16:16:02.722,naive,269,504,0.277832,503,0.998015873,8.18385483e-13,high,0,,1186.928,3580.6154,53862.3728,72547.971,0,,,,,,,0,,,,,146,0.542750929,0.586824504,unresolved,no stable repeated-value interval cluster,unknown,0,0.27771,0.27771,0.27771,0.277832,0.277832,0.277832,774,774,0,0,0
PLTS IKN / STS06 / WB06_EMI03 / MEAS / DIFFUSE HORIZONTAL IRRADIANCE (DHI),PLTS IKN,STS06,WB06,EMI03,DIFFUSE HORIZONTAL IRRADIANCE (DHI),Diffuse Horizontal Irradiance (DHI),instantaneous_irradiance,DHI,46968,1,1,2026-06-01 06:08:41.513,2026-06-30 18:01:33.817,naive,207,46760,1,11010,0.235457656,0,high,0,,23.121,39.664,92.466,44627.472,46893,23.121,39.649,92.404,44627.472,1.78146008e+18,1.7815047e+18,74,9.0355,8109.0915,39093.7675,,163,0.787439614,0.595418168,unresolved,no stable repeated-value interval cluster,unknown,0,1,1,1,4,83,539,46968,46968,0,0,1
PLTS IKN / STS06 / WB06_EMI03 / MEAS / DIRECT HORIZONTAL IRRADIANCE (DNI*cosZ),PLTS IKN,STS06,WB06,EMI03,DIRECT HORIZONTAL IRRADIANCE (DNI*cosZ),Direct Horizontal Irradiance (DNIcosZ),instantaneous_irradiance,DNIcosZ,403,1,1,2026-06-01 07:24:17.306,2026-06-30 14:38:23.957,naive,270,132,1,35,0.265151515,0,high,0,,23.12,18800.6729,76313.9849,100640.454,128,23.136,47.2503,516.1768,38138.993,1.78112652e+18,1.78116466e+18,274,17.042,35307.2335,82899.7905,,146,0.540740741,0.590148681,unresolved,no stable repeated-value interval cluster,unknown,15,1,1,1,3,9.9,21.38,403,403,0,0,0
PLTS IKN / STS06 / WB06_EMI03 / MEAS / DNI*cosZ DAILY ACCUM,PLTS IKN,STS06,WB06,EMI03,DNI*cosZ DAILY ACCUM,DNIcosZ Daily Acummulation,irradiance_accumulation,,279,1,1,2026-06-01 07:24:17.306,2026-06-30 14:38:23.957,naive,270,8,,0,0,,unresolved,0,insufficient positive deltas for a supported lower-edge cluster,17.5525,36804.5677,82552.035,100640.454,0,,,,,,,0,,,,,146,0.540740741,0.590148681,unresolved,no stable repeated-value interval cluster,unknown,0,0.002777,0.002777,0.002777,0.002778,0.0077778,0.01827738,279,279,0,0,0
PLTS IKN / STS06 / WB06_EMI03 / MEAS / DNI*cosZ MONTHLY ACCUM,PLTS IKN,STS06,WB06,EMI03,DNI*cosZ MONTHLY ACCUM,DNIcosZ Monthly Acummulation,irradiance_accumulation,,271,1,1,2026-06-01 07:24:17.306,2026-06-30 14:38:23.957,naive,270,0,,0,0,,unresolved,0,insufficient positive deltas for a supported lower-edge cluster,16.594,38004.4576,83247.546,100640.454,0,,,,,,,0,,,,,146,0.540740741,0.590148681,unresolved,no stable repeated-value interval cluster,unknown,0,,,,,,,271,271,0,0,0
PLTS IKN / STS06 / WB06_EMI03 / MEAS / DNI*cosZ YEARLY ACCUM,PLTS IKN,STS06,WB06,EMI03,DNI*cosZ YEARLY ACCUM,DNIcosZ Yearly Acummulation,irradiance_accumulation,,271,1,1,2026-06-01 07:24:17.306,2026-06-30 14:38:23.957,naive,270,0,,0,0,,unresolved,0,insufficient positive deltas for a supported lower-edge cluster,16.594,38004.4576,83247.546,100640.454,0,,,,,,,0,,,,,146,0.540740741,0.590148681,unresolved,no stable repeated-value interval cluster,unknown,0,,,,,,,271,271,0,0,0
PLTS IKN / STS06 / WB06_EMI03 / MEAS / GHI DAILY ACCUM,PLTS IKN,STS06,WB06,EMI03,GHI DAILY ACCUM,GHI Daily Acummulation,irradiance_accumulation,,16943,1,1,2026-06-01 00:58:31.108,2026-06-30 17:57:49.533,naive,247,16695,0.002778,5279,0.316202456,6.0571698e-14,high,0,,69.299,76.079,374.97373,26597.851,0,,,,,,,0,,,,,152,0.615384615,0.57534719,unresolved,no stable repeated-value interval cluster,unknown,0,0.002777,0.002777,0.002777,0.005556,0.013889,0.01683362,16943,16943,0,0,0
PLTS IKN / STS06 / WB06_EMI03 / MEAS / GHI MONTHLY ACCUM,PLTS IKN,STS06,WB06,EMI03,GHI MONTHLY ACCUM,GHI Monthly Acummulation,irradiance_accumulation,,736,1,1,2026-06-01 07:24:17.306,2026-06-30 16:14:03.824,naive,269,466,0.277778,465,0.997854077,3.5999971e-06,high,0,,1363.465,4427.5182,52945.6112,59623.999,0,,,,,,,0,,,,,146,0.542750929,0.590127262,unresolved,no stable repeated-value interval cluster,unknown,0,0.27777,0.27777,0.277775,0.277778,0.277779,0.277779,736,736,0,0,0
PLTS IKN / STS06 / WB06_EMI03 / MEAS / GHI YEARLY ACCUM,PLTS IKN,STS06,WB06,EMI03,GHI YEARLY ACCUM,GHI Yearly Acummulation,irradiance_accumulation,,722,1,1,2026-06-01 07:24:17.306,2026-06-30 16:16:48.932,naive,270,451,0.277832,451,1,8.18385483e-13,high,0,,1239.631,3828.979,54812.4118,73716.225,0,,,,,,,0,,,,,146,0.540740741,0.590128346,unresolved,no stable repeated-value interval cluster,unknown,0,0.27771,0.27771,0.27771,0.277832,0.277832,0.277832,722,722,0,0,0
PLTS IKN / STS06 / WB06_EMI03 / MEAS / GLOBAL HORIZONTAL IRRADIANCE (GHI),PLTS IKN,STS06,WB06,EMI03,GLOBAL HORIZONTAL IRRADIANCE (GHI),Global Horizontal Irradiance (GHI),instantaneous_irradiance,GHI,45025,1,1,2026-06-01 06:11:10.093,2026-06-30 18:00:21.346,naive,220,44804,1,11475,0.256115525,0,high,0,,23.121,46.147,109.041,44861.848,44950,23.121,46.147,108.85381,44861.848,1.78145987e+18,1.78150474e+18,74,9.028,8146.0472,39227.0327,,181,0.822727273,0.620098584,unresolved,no stable repeated-value interval cluster,unknown,4,1,1,1,4,80,477,45025,45025,0,0,0
PLTS IKN / STS06 / WB06_EMI03 / MEAS / GLOBAL INCLINED IRRADIANCE (POA),PLTS IKN,STS06,WB06,EMI03,GLOBAL INCLINED IRRADIANCE (POA),Global Inclined Irradiance (POA),instantaneous_irradiance,POA,271,1,1,2026-06-01 07:24:17.306,2026-06-30 14:38:23.957,naive,270,0,,0,0,,unresolved,0,insufficient positive deltas for a supported lower-edge cluster,16.594,38004.4576,83247.546,100640.454,0,,,,,,,270,16.594,38004.4576,83247.546,,146,0.540740741,0.590163227,unresolved,no stable repeated-value interval cluster,unknown,0,,,,,,,271,271,0,0,0
PLTS IKN / STS06 / WB06_EMI03 / MEAS / IN-PLANE REAR-SIDE IRRADIANCE (RSI) 01,PLTS IKN,STS06,WB06,EMI03,IN-PLANE REAR-SIDE IRRADIANCE (RSI) 01,In-Plane Rear-Side Irradiance (RSI) 01,instantaneous_irradiance,RSI,271,1,1,2026-06-01 07:24:17.306,2026-06-30 14:38:23.957,naive,270,0,,0,0,,unresolved,0,insufficient positive deltas for a supported lower-edge cluster,16.594,38004.4576,83247.546,100640.454,0,,,,,,,270,16.594,38004.4576,83247.546,,146,0.540740741,0.590170327,unresolved,no stable repeated-value interval cluster,unknown,0,,,,,,,271,271,0,0,0
PLTS IKN / STS06 / WB06_EMI03 / MEAS / IN-PLANE REAR-SIDE IRRADIANCE (RSI) 02,PLTS IKN,STS06,WB06,EMI03,IN-PLANE REAR-SIDE IRRADIANCE (RSI) 02,In-Plane Rear-Side Irradiance (RSI) 02,instantaneous_irradiance,RSI,271,1,1,2026-06-01 07:24:17.306,2026-06-30 14:38:23.957,naive,270,0,,0,0,,unresolved,0,insufficient positive deltas for a supported lower-edge cluster,16.594,38004.4576,83247.546,100640.454,0,,,,,,,270,16.594,38004.4576,83247.546,,146,0.540740741,0.590188255,unresolved,no stable repeated-value interval cluster,unknown,0,,,,,,,271,271,0,0,0
PLTS IKN / STS06 / WB06_EMI03 / MEAS / IN-PLANE REAR-SIDE IRRADIANCE (RSI) 03,PLTS IKN,STS06,WB06,EMI03,IN-PLANE REAR-SIDE IRRADIANCE (RSI) 03,In-Plane Rear-Side Irradiance (RSI) 03,instantaneous_irradiance,RSI,271,1,1,2026-06-01 07:24:17.306,2026-06-30 14:38:23.957,naive,270,0,,0,0,,unresolved,0,insufficient positive deltas for a supported lower-edge cluster,16.594,38004.4576,83247.546,100640.454,0,,,,,,,270,16.594,38004.4576,83247.546,,146,0.540740741,0.590188517,unresolved,no stable repeated-value interval cluster,unknown,0,,,,,,,271,271,0,0,0
PLTS IKN / STS06 / WB06_EMI03 / MEAS / PEAK OF SUN HOURS,PLTS IKN,STS06,WB06,EMI03,PEAK OF SUN HOURS,PEAK OF SUN HOURS,meteorological,,11185,1,1,2026-06-01 00:58:31.108,2026-06-30 17:40:16.584,naive,252,10932,0.01,8845,0.809092572,1.11022302e-14,high,0,,69.408,188.213,997.34301,27521.41,0,,,,,,,0,,,,,147,0.583333333,0.578173755,unresolved,no stable repeated-value interval cluster,unknown,0,0.01,0.01,0.01,0.01,0.02,0.02,11185,11185,0,0,0
PLTS IKN / STS06 / WB06_EMI03 / MEAS / POA DAILY ACCUM,PLTS IKN,STS06,WB06,EMI03,POA DAILY ACCUM,POA Daily Acummulation,irradiance_accumulation,,271,1,1,2026-06-01 07:24:17.306,2026-06-30 14:38:23.957,naive,270,0,,0,0,,unresolved,0,insufficient positive deltas for a supported lower-edge cluster,16.594,38004.4576,83247.546,100640.454,0,,,,,,,0,,,,,146,0.540740741,0.590163227,unresolved,no stable repeated-value interval cluster,unknown,0,,,,,,,271,271,0,0,0
PLTS IKN / STS06 / WB06_EMI03 / MEAS / POA MONTHLY ACCUM,PLTS IKN,STS06,WB06,EMI03,POA MONTHLY ACCUM,POA Monthly Acummulation,irradiance_accumulation,,271,1,1,2026-06-01 07:24:17.306,2026-06-30 14:38:23.957,naive,270,0,,0,0,,unresolved,0,insufficient positive deltas for a supported lower-edge cluster,16.594,38004.4576,83247.546,100640.454,0,,,,,,,0,,,,,146,0.540740741,0.590180888,unresolved,no stable repeated-value interval cluster,unknown,0,,,,,,,271,271,0,0,0
PLTS IKN / STS06 / WB06_EMI03 / MEAS / POA YEARLY ACCUM,PLTS IKN,STS06,WB06,EMI03,POA YEARLY ACCUM,POA Yearly Acummulation,irradiance_accumulation,,271,1,1,2026-06-01 07:24:17.306,2026-06-30 14:38:23.957,naive,270,0,,0,0,,unresolved,0,insufficient positive deltas for a supported lower-edge cluster,16.594,38004.4576,83247.546,100640.454,0,,,,,,,0,,,,,146,0.540740741,0.590170327,unresolved,no stable repeated-value interval cluster,unknown,0,,,,,,,271,271,0,0,0
PLTS IKN / STS06 / WB06_EMI03 / MEAS / PRESSURE,PLTS IKN,STS06,WB06,EMI03,PRESSURE,PRESSURE,meteorological,,271,1,1,2026-06-01 07:24:17.306,2026-06-30 14:38:23.957,naive,270,0,,0,0,,unresolved,0,insufficient positive deltas for a supported lower-edge cluster,16.594,38004.4576,83247.546,100640.454,0,,,,,,,0,,,,,146,0.540740741,0.590117861,unresolved,no stable repeated-value interval cluster,unknown,0,,,,,,,271,271,0,0,0
PLTS IKN / STS06 / WB06_EMI03 / MEAS / PV MODUL TEMP 01,PLTS IKN,STS06,WB06,EMI03,PV MODUL TEMP 01,PV MODUL TEMP 01,meteorological,,14539,1,1,2026-06-01 00:00:04.675,2026-06-30 23:48:33.154,naive,211,14327,0.1,2971,0.207370699,9.99999997e-06,high,0,,89.076,339.9856,1537.91436,9068.981,0,,,,,,,0,,,,,157,0.744075829,0.587907408,unresolved,no stable repeated-value interval cluster,unknown,0,0.099998,0.099998,0.099998,0.299999,1,2,14539,14539,0,0,0
PLTS IKN / STS06 / WB06_EMI03 / MEAS / PV MODUL TEMP 02,PLTS IKN,STS06,WB06,EMI03,PV MODUL TEMP 02,PV MODUL TEMP 02,meteorological,,14021,1,1,2026-06-01 00:00:31.138,2026-06-30 23:50:21.929,naive,205,13815,0.1,2712,0.19630836,9.99999997e-06,high,0,,79.2185,329.8601,1797.30392,14910.993,0,,,,,,,0,,,,,159,0.775609756,0.578547524,unresolved,no stable repeated-value interval cluster,unknown,0,0.099998,0.099998,0.099998,0.299999,1.099998,2.099998,14021,14021,0,0,0
PLTS IKN / STS06 / WB06_EMI03 / MEAS / PV MODUL TEMP 03,PLTS IKN,STS06,WB06,EMI03,PV MODUL TEMP 03,PV MODUL TEMP 03,meteorological,,13742,1,1,2026-06-01 00:02:03.479,2026-06-30 23:32:56.588,naive,207,13534,0.1,2533,0.187158268,9.99999997e-06,high,0,,75.97,323.03,1900.4778,14940.753,0,,,,,,,0,,,,,147,0.710144928,0.591727457,unresolved,no stable repeated-value interval cluster,unknown,0,0.099998,0.099998,0.099998,0.299999,1.099998,2.099998,13742,13742,0,0,0
PLTS IKN / STS06 / WB06_EMI03 / MEAS / RSI DAILY ACCUM 01,PLTS IKN,STS06,WB06,EMI03,RSI DAILY ACCUM 01,RSI 01 Daily Acummulation,irradiance_accumulation,,271,1,1,2026-06-01 07:24:17.306,2026-06-30 14:38:23.957,naive,270,0,,0,0,,unresolved,0,insufficient positive deltas for a supported lower-edge cluster,16.594,38004.4576,83247.546,100640.454,0,,,,,,,0,,,,,146,0.540740741,0.59017293,unresolved,no stable repeated-value interval cluster,unknown,0,,,,,,,271,271,0,0,0
PLTS IKN / STS06 / WB06_EMI03 / MEAS / RSI DAILY ACCUM 02,PLTS IKN,STS06,WB06,EMI03,RSI DAILY ACCUM 02,RSI 02 Daily Acummulation,irradiance_accumulation,,271,1,1,2026-06-01 07:24:17.306,2026-06-30 14:38:23.957,naive,270,0,,0,0,,unresolved,0,insufficient positive deltas for a supported lower-edge cluster,16.594,38004.4576,83247.546,100640.454,0,,,,,,,0,,,,,146,0.540740741,0.590196479,unresolved,no stable repeated-value interval cluster,unknown,0,,,,,,,271,271,0,0,0
PLTS IKN / STS06 / WB06_EMI03 / MEAS / RSI DAILY ACCUM 03,PLTS IKN,STS06,WB06,EMI03,RSI DAILY ACCUM 03,RSI 03 Daily Acummulation,irradiance_accumulation,,271,1,1,2026-06-01 07:24:17.306,2026-06-30 14:38:23.957,naive,270,0,,0,0,,unresolved,0,insufficient positive deltas for a supported lower-edge cluster,16.594,38004.4576,83247.546,100640.454,0,,,,,,,0,,,,,146,0.540740741,0.590206887,unresolved,no stable repeated-value interval cluster,unknown,0,,,,,,,542,271,271,0,0
PLTS IKN / STS06 / WB06_EMI03 / MEAS / RSI MONTHLY ACCUM 01,PLTS IKN,STS06,WB06,EMI03,RSI MONTHLY ACCUM 01,RSI 01 Monthly Acummulation,irradiance_accumulation,,271,1,1,2026-06-01 07:24:17.306,2026-06-30 14:38:23.957,naive,270,0,,0,0,,unresolved,0,insufficient positive deltas for a supported lower-edge cluster,16.594,38004.4576,83247.546,100640.454,0,,,,,,,0,,,,,146,0.540740741,0.59017293,unresolved,no stable repeated-value interval cluster,unknown,0,,,,,,,271,271,0,0,0
PLTS IKN / STS06 / WB06_EMI03 / MEAS / RSI MONTHLY ACCUM 02,PLTS IKN,STS06,WB06,EMI03,RSI MONTHLY ACCUM 02,RSI 02 Monthly Acummulation,irradiance_accumulation,,271,1,1,2026-06-01 07:24:17.306,2026-06-30 14:38:23.957,naive,270,0,,0,0,,unresolved,0,insufficient positive deltas for a supported lower-edge cluster,16.594,38004.4576,83247.546,100640.454,0,,,,,,,0,,,,,146,0.540740741,0.590196479,unresolved,no stable repeated-value interval cluster,unknown,0,,,,,,,271,271,0,0,0
PLTS IKN / STS06 / WB06_EMI03 / MEAS / RSI MONTHLY ACCUM 03,PLTS IKN,STS06,WB06,EMI03,RSI MONTHLY ACCUM 03,RSI 03 Monthly Acummulation,irradiance_accumulation,,271,1,1,2026-06-01 07:24:17.306,2026-06-30 14:38:23.957,naive,270,0,,0,0,,unresolved,0,insufficient positive deltas for a supported lower-edge cluster,16.594,38004.4576,83247.546,100640.454,0,,,,,,,0,,,,,146,0.540740741,0.590206887,unresolved,no stable repeated-value interval cluster,unknown,0,,,,,,,271,271,0,0,0
PLTS IKN / STS06 / WB06_EMI03 / MEAS / RSI YEARLY ACCUM 01,PLTS IKN,STS06,WB06,EMI03,RSI YEARLY ACCUM 01,RSI 01 Yearly Acummulation,irradiance_accumulation,,271,1,1,2026-06-01 07:24:17.306,2026-06-30 14:38:23.957,naive,270,0,,0,0,,unresolved,0,insufficient positive deltas for a supported lower-edge cluster,16.594,38004.4576,83247.546,100640.454,0,,,,,,,0,,,,,146,0.540740741,0.590182753,unresolved,no stable repeated-value interval cluster,unknown,0,,,,,,,271,271,0,0,0
PLTS IKN / STS06 / WB06_EMI03 / MEAS / RSI YEARLY ACCUM 02,PLTS IKN,STS06,WB06,EMI03,RSI YEARLY ACCUM 02,RSI 02 Yearly Acummulation,irradiance_accumulation,,271,1,1,2026-06-01 07:24:17.306,2026-06-30 14:38:23.957,naive,270,0,,0,0,,unresolved,0,insufficient positive deltas for a supported lower-edge cluster,16.594,38004.4576,83247.546,100640.454,0,,,,,,,0,,,,,146,0.540740741,0.590196479,unresolved,no stable repeated-value interval cluster,unknown,0,,,,,,,271,271,0,0,0
PLTS IKN / STS06 / WB06_EMI03 / MEAS / RSI YEARLY ACCUM 03,PLTS IKN,STS06,WB06,EMI03,RSI YEARLY ACCUM 03,RSI 03 Yearly Acummulation,irradiance_accumulation,,271,1,1,2026-06-01 07:24:17.306,2026-06-30 14:38:23.957,naive,270,0,,0,0,,unresolved,0,insufficient positive deltas for a supported lower-edge cluster,16.594,38004.4576,83247.546,100640.454,0,,,,,,,0,,,,,146,0.540740741,0.590212548,unresolved,no stable repeated-value interval cluster,unknown,0,,,,,,,271,271,0,0,0
PLTS IKN / STS06 / WB06_EMI03 / MEAS / WIND DIRECTION,PLTS IKN,STS06,WB06,EMI03,WIND DIRECTION,WIND DIRECTION,meteorological,,140105,1,3,2026-06-01 00:00:01.363,2026-06-30 23:59:49.333,naive,164,139940,1,15591,0.111412034,0,high,0,,13.232,26.354,72.627,1300.493,0,,,,,,,0,,,,,154,0.93902439,0.583164024,unresolved,no stable repeated-value interval cluster,unknown,0,1,1,1,15,248,347,140105,140105,0,0,1
PLTS IKN / STS06 / WB06_EMI03 / MEAS / WIND SPEED,PLTS IKN,STS06,WB06,EMI03,WIND SPEED,WIND SPEED,meteorological,,81804,1,2,2026-06-01 01:58:47.097,2026-06-30 23:59:59.237,naive,197,81606,0.1,34092,0.4177634,2.77555756e-16,high,0,,19.84,26.417,135.09914,37878.454,0,,,,,,,0,,,,,154,0.781725888,0.608536016,unresolved,no stable repeated-value interval cluster,unknown,0,0.1,0.1,0.1,0.2,0.9,2.2,81804,81804,0,0,0
PLTS IKN / STS09 / WB09_EMI01 / MEAS / AMBIENT AIR HUMIDITY,PLTS IKN,STS09,WB09,EMI01,AMBIENT AIR HUMIDITY,AMBIENT AIR HUMIDITY,meteorological,,79651,1,2,2026-06-01 00:00:05.331,2026-06-30 23:59:55.972,naive,217,79433,0.099999,79226,0.99739403,1.00001e-05,high,0,,13.248,72.877,283.96829,17334.655,0,,,,,,,0,,,,,161,0.741935484,0.719616465,unresolved,no stable repeated-value interval cluster,unknown,0,0.099998,0.099998,0.099998,0.099999,0.100006,0.100006,79651,79651,0,0,0
PLTS IKN / STS09 / WB09_EMI01 / MEAS / AMBIENT AIR TEMP,PLTS IKN,STS09,WB09,EMI01,AMBIENT AIR TEMP,AMBIENT AIR TEMP,meteorological,,13690,1,1,2026-06-01 00:01:08.209,2026-06-30 23:59:59.299,naive,235,13454,0.1,10911,0.81098558,9.99999997e-06,high,0,,122.585,383.2306,991.63956,3172.983,0,,,,,,,0,,,,,155,0.659574468,0.591469038,unresolved,no stable repeated-value interval cluster,unknown,0,0.099998,0.099998,0.099998,0.100001,0.2,0.299999,13690,13690,0,0,0
PLTS IKN / STS09 / WB09_EMI01 / MEAS / DAILY RAINFALL,PLTS IKN,STS09,WB09,EMI01,DAILY RAINFALL,DAILY RAINFALL,meteorological,,458,1,1,2026-06-01 07:24:17.852,2026-06-30 23:59:09.606,naive,280,177,0.2,120,0.677966102,8.32667268e-16,high,3,,66.377,18502.2738,63970.764,100641.923,0,,,,,,,0,,,,,155,0.553571429,0.592605162,unresolved,no stable repeated-value interval cluster,unknown,0,0.1,0.1,0.2,0.2,1,6.076,458,458,0,0,0
PLTS IKN / STS09 / WB09_EMI01 / MEAS / DHI DAILY ACCUM,PLTS IKN,STS09,WB09,EMI01,DHI DAILY ACCUM,DHI Daily Acummulation,irradiance_accumulation,,5887,1,1,2026-06-01 06:24:03.862,2026-06-30 14:38:24.472,naive,277,5609,0.002778,2411,0.429844892,7.99296634e-14,high,0,,62.7375,122.507,11640.4964,100641.923,0,,,,,,,0,,,,,155,0.559566787,0.593639533,unresolved,no stable repeated-value interval cluster,unknown,0,0.002777,0.002777,0.002777,0.005555,0.013888,0.016667,5887,5887,0,0,0
PLTS IKN / STS09 / WB09_EMI01 / MEAS / DHI MONTHLY ACCUM,PLTS IKN,STS09,WB09,EMI01,DHI MONTHLY ACCUM,DHI Monthly Acummulation,irradiance_accumulation,,403,1,1,2026-06-01 07:24:17.852,2026-06-30 14:38:24.472,naive,280,122,0.277778,121,0.991803279,3.59999714e-06,high,0,,1358.254,16373.7175,67006.8317,100641.923,0,,,,,,,0,,,,,155,0.553571429,0.592576772,unresolved,no stable repeated-value interval cluster,unknown,0,0.277775,0.277775,0.277775,0.277778,0.277779,0.277779,403,403,0,0,0
PLTS IKN / STS09 / WB09_EMI01 / MEAS / DHI YEARLY ACCUM,PLTS IKN,STS09,WB09,EMI01,DHI YEARLY ACCUM,DHI Yearly Acummulation,irradiance_accumulation,,401,1,1,2026-06-01 07:24:17.852,2026-06-30 14:38:24.472,naive,280,120,0.277771,119,0.991666667,0,high,0,,1362.0265,16438.5914,67073.1812,100641.923,0,,,,,,,0,,,,,155,0.553571429,0.592544943,unresolved,no stable repeated-value interval cluster,unknown,0,0.277771,0.277771,0.277771,0.277771,0.277832,0.277832,401,401,0,0,0
PLTS IKN / STS09 / WB09_EMI01 / MEAS / DIFFUSE HORIZONTAL IRRADIANCE (DHI),PLTS IKN,STS09,WB09,EMI01,DIFFUSE HORIZONTAL IRRADIANCE (DHI),Diffuse Horizontal Irradiance (DHI),instantaneous_irradiance,DHI,14342,1,1,2026-06-01 06:11:48.054,2026-06-30 14:38:24.472,naive,268,14073,1,4287,0.304625879,0,high,0,,19.949,59.754,192.7026,100641.923,14113,19.949,59.673,148.70048,44393.187,1.78094158e+18,1.78098597e+18,228,15.477,29328.4253,69030.7759,,153,0.570895522,0.577075546,unresolved,no stable repeated-value interval cluster,unknown,0,1,1,1,3,40,401.56,14342,14342,0,0,0
PLTS IKN / STS09 / WB09_EMI01 / MEAS / DIRECT HORIZONTAL IRRADIANCE (DNI*cosZ),PLTS IKN,STS09,WB09,EMI01,DIRECT HORIZONTAL IRRADIANCE (DNI*cosZ),Direct Horizontal Irradiance (DNIcosZ),instantaneous_irradiance,DNIcosZ,283,1,1,2026-06-01 07:24:17.852,2026-06-30 14:38:24.472,naive,280,2,,0,0,,unresolved,0,insufficient positive deltas for a supported lower-edge cluster,15.4215,35971.7116,82206.6688,100641.923,0,,,,,,,282,15.4215,35971.7116,82206.6688,,155,0.553571429,0.592584645,unresolved,no stable repeated-value interval cluster,unknown,0,2,2,2,2,2,2,283,283,0,0,0
PLTS IKN / STS09 / WB09_EMI01 / MEAS / DNI*cosZ DAILY ACCUM,PLTS IKN,STS09,WB09,EMI01,DNI*cosZ DAILY ACCUM,DNIcosZ Daily Acummulation,irradiance_accumulation,,281,1,1,2026-06-01 07:24:17.852,2026-06-30 14:38:24.472,naive,280,0,,0,0,,unresolved,0,insufficient positive deltas for a supported lower-edge cluster,15.4215,36470.1622,82380.4624,100641.923,0,,,,,,,0,,,,,155,0.553571429,0.592584645,unresolved,no stable repeated-value interval cluster,unknown,0,,,,,,,281,281,0,0,0
PLTS IKN / STS09 / WB09_EMI01 / MEAS / DNI*cosZ MONTHLY ACCUM,PLTS IKN,STS09,WB09,EMI01,DNI*cosZ MONTHLY ACCUM,DNIcosZ Monthly Acummulation,irradiance_accumulation,,281,1,1,2026-06-01 07:24:17.852,2026-06-30 14:38:24.472,naive,280,0,,0,0,,unresolved,0,insufficient positive deltas for a supported lower-edge cluster,15.4215,36470.1622,82380.4624,100641.923,0,,,,,,,0,,,,,155,0.553571429,0.592579017,unresolved,no stable repeated-value interval cluster,unknown,0,,,,,,,281,281,0,0,0
PLTS IKN / STS09 / WB09_EMI01 / MEAS / DNI*cosZ YEARLY ACCUM,PLTS IKN,STS09,WB09,EMI01,DNI*cosZ YEARLY ACCUM,DNIcosZ Yearly Acummulation,irradiance_accumulation,,282,1,1,2026-06-01 07:24:17.852,2026-06-30 14:38:24.472,naive,280,1,,0,0,,unresolved,0,insufficient positive deltas for a supported lower-edge cluster,15.467,36303.492,82293.5656,100641.923,0,,,,,,,0,,,,,155,0.553571429,0.59258117,unresolved,no stable repeated-value interval cluster,unknown,0,50.555557,50.555557,50.555557,50.555557,50.555557,50.555557,282,282,0,0,0
PLTS IKN / STS09 / WB09_EMI01 / MEAS / GHI DAILY ACCUM,PLTS IKN,STS09,WB09,EMI01,GHI DAILY ACCUM,GHI Daily Acummulation,irradiance_accumulation,,10583,1,1,2026-06-01 07:24:17.852,2026-06-30 17:53:33.005,naive,261,10321,0.002778,3207,0.310725705,6.08839233e-14,high,0,,62.816,119.446,744.10178,89596.529,0,,,,,,,0,,,,,157,0.601532567,0.575183133,unresolved,no stable repeated-value interval cluster,unknown,0,0.002777,0.002777,0.002777,0.005556,0.016666,0.019444,10583,10583,0,0,0
PLTS IKN / STS09 / WB09_EMI01 / MEAS / GHI MONTHLY ACCUM,PLTS IKN,STS09,WB09,EMI01,GHI MONTHLY ACCUM,GHI Monthly Acummulation,irradiance_accumulation,,567,1,1,2026-06-01 07:24:17.852,2026-06-30 17:34:57.960,naive,280,286,0.277778,281,0.982517483,3.59999712e-06,high,0,,1261.9005,7435.1755,56626.6123,89596.529,0,,,,,,,0,,,,,157,0.560714286,0.593122956,unresolved,no stable repeated-value interval cluster,unknown,0,0.277775,0.277775,0.277776,0.277778,0.277779,22.5416661,567,567,0,0,0
PLTS IKN / STS09 / WB09_EMI01 / MEAS / GHI YEARLY ACCUM,PLTS IKN,STS09,WB09,EMI01,GHI YEARLY ACCUM,GHI Yearly Acummulation,irradiance_accumulation,,566,1,1,2026-06-01 07:24:17.852,2026-06-30 16:04:12.753,naive,280,285,0.277778,280,0.98245614,3.59999712e-06,high,0,,1263.751,7240.2982,56649.5424,89596.529,0,,,,,,,0,,,,,157,0.560714286,0.593102029,unresolved,no stable repeated-value interval cluster,unknown,0,0.27777,0.27777,0.277775,0.277778,0.277779,22.5999994,566,566,0,0,0
PLTS IKN / STS09 / WB09_EMI01 / MEAS / GLOBAL HORIZONTAL IRRADIANCE (GHI),PLTS IKN,STS09,WB09,EMI01,GLOBAL HORIZONTAL IRRADIANCE (GHI),Global Horizontal Irradiance (GHI),instantaneous_irradiance,GHI,24182,1,1,2026-06-01 07:24:17.852,2026-06-30 18:00:11.192,naive,241,23940,1,6790,0.283625731,0,high,0,,23.167,76.11,172.3964,89596.529,24039,23.167,73.0792,155.84822,45049.107,1.78145969e+18,1.78150474e+18,142,12.268,18797.7873,85682.542,,153,0.634854772,0.61098835,unresolved,no stable repeated-value interval cluster,unknown,4,1,1,1,4,114,675,24182,24182,0,0,1
PLTS IKN / STS09 / WB09_EMI01 / MEAS / GLOBAL INCLINED IRRADIANCE (POA),PLTS IKN,STS09,WB09,EMI01,GLOBAL INCLINED IRRADIANCE (POA),Global Inclined Irradiance (POA),instantaneous_irradiance,POA,47555,1,1,2026-06-01 07:24:17.852,2026-06-30 18:00:17.769,naive,200,47354,1,15923,0.336254593,0,high,0,,13.263,26.62,86.233,89596.529,47426,13.263,26.604,82.87475,44866.706,1.78145986e+18,1.78150473e+18,128,10.6955,20463.6681,86899.0976,,142,0.71,0.618522919,unresolved,no stable repeated-value interval cluster,unknown,0,1,1,1,3,36,331.47,47555,47555,0,0,1
PLTS IKN / STS09 / WB09_EMI01 / MEAS / IN-PLANE REAR-SIDE IRRADIANCE (RSI) 01,PLTS IKN,STS09,WB09,EMI01,IN-PLANE REAR-SIDE IRRADIANCE (RSI) 01,In-Plane Rear-Side Irradiance (RSI) 01,instantaneous_irradiance,RSI,281,1,1,2026-06-01 07:24:17.852,2026-06-30 14:38:24.472,naive,280,0,,0,0,,unresolved,0,insufficient positive deltas for a supported lower-edge cluster,15.4215,36470.1622,82380.4624,100641.923,0,,,,,,,280,15.4215,36470.1622,82380.4624,,155,0.553571429,0.592570605,unresolved,no stable repeated-value interval cluster,unknown,0,,,,,,,281,281,0,0,0
PLTS IKN / STS09 / WB09_EMI01 / MEAS / IN-PLANE REAR-SIDE IRRADIANCE (RSI) 02,PLTS IKN,STS09,WB09,EMI01,IN-PLANE REAR-SIDE IRRADIANCE (RSI) 02,In-Plane Rear-Side Irradiance (RSI) 02,instantaneous_irradiance,RSI,281,1,1,2026-06-01 07:24:17.852,2026-06-30 14:38:24.472,naive,280,0,,0,0,,unresolved,0,insufficient positive deltas for a supported lower-edge cluster,15.4215,36470.1622,82380.4624,100641.923,0,,,,,,,280,15.4215,36470.1622,82380.4624,,155,0.553571429,0.592543866,unresolved,no stable repeated-value interval cluster,unknown,0,,,,,,,281,281,0,0,0
PLTS IKN / STS09 / WB09_EMI01 / MEAS / IN-PLANE REAR-SIDE IRRADIANCE (RSI) 03,PLTS IKN,STS09,WB09,EMI01,IN-PLANE REAR-SIDE IRRADIANCE (RSI) 03,In-Plane Rear-Side Irradiance (RSI) 03,instantaneous_irradiance,RSI,281,1,1,2026-06-01 07:24:17.852,2026-06-30 14:38:24.472,naive,280,0,,0,0,,unresolved,0,insufficient positive deltas for a supported lower-edge cluster,15.4215,36470.1622,82380.4624,100641.923,0,,,,,,,280,15.4215,36470.1622,82380.4624,,155,0.553571429,0.592543866,unresolved,no stable repeated-value interval cluster,unknown,0,,,,,,,281,281,0,0,0
PLTS IKN / STS09 / WB09_EMI01 / MEAS / PEAK OF SUN HOURS,PLTS IKN,STS09,WB09,EMI01,PEAK OF SUN HOURS,PEAK OF SUN HOURS,meteorological,,6921,1,1,2026-06-01 07:24:17.852,2026-06-30 17:49:24.039,naive,266,6654,0.01,5452,0.819356778,1.04083409e-15,high,0,,63.082,188.9351,4761.9207,89596.529,0,,,,,,,0,,,,,163,0.612781955,0.59122735,unresolved,no stable repeated-value interval cluster,unknown,0,0.01,0.01,0.01,0.01,0.02,0.02,6921,6921,0,0,0
PLTS IKN / STS09 / WB09_EMI01 / MEAS / POA DAILY ACCUM,PLTS IKN,STS09,WB09,EMI01,POA DAILY ACCUM,POA Daily Acummulation,irradiance_accumulation,,11388,1,1,2026-06-01 07:24:17.852,2026-06-30 17:54:32.697,naive,257,11130,0.002778,4180,0.375561545,7.99296634e-14,high,0,,62.769,66.456,496.12658,89596.529,0,,,,,,,0,,,,,155,0.60311284,0.577474412,unresolved,no stable repeated-value interval cluster,unknown,0,0.002777,0.002777,0.002777,0.005555,0.013888,0.016667,11388,11388,0,0,0
PLTS IKN / STS09 / WB09_EMI01 / MEAS / POA MONTHLY ACCUM,PLTS IKN,STS09,WB09,EMI01,POA MONTHLY ACCUM,POA Monthly Acummulation,irradiance_accumulation,,541,1,1,2026-06-01 07:24:17.852,2026-06-30 16:46:31.502,naive,280,260,0.277778,253,0.973076923,3.59999712e-06,high,0,,1463.641,7527.8004,56228.1037,89596.529,0,,,,,,,0,,,,,156,0.557142857,0.589994962,unresolved,no stable repeated-value interval cluster,unknown,0,0.277775,0.277775,0.277776,0.277778,0.277779,27.777779,541,541,0,0,0
PLTS IKN / STS09 / WB09_EMI01 / MEAS / POA YEARLY ACCUM,PLTS IKN,STS09,WB09,EMI01,POA YEARLY ACCUM,POA Yearly Acummulation,irradiance_accumulation,,542,1,1,2026-06-01 07:24:17.852,2026-06-30 16:15:36.243,naive,281,260,0.277778,253,0.973076923,3.59999712e-06,high,0,,1426.375,7711.197,56197.1848,89596.529,0,,,,,,,0,,,,,156,0.555160142,0.590004649,unresolved,no stable repeated-value interval cluster,unknown,0,0.27777,0.277775,0.277775,0.277778,0.277779,27.777779,542,542,0,0,0
PLTS IKN / STS09 / WB09_EMI01 / MEAS / PRESSURE,PLTS IKN,STS09,WB09,EMI01,PRESSURE,PRESSURE,meteorological,,281,1,1,2026-06-01 07:24:17.852,2026-06-30 14:38:24.472,naive,280,0,,0,0,,unresolved,0,insufficient positive deltas for a supported lower-edge cluster,15.4215,36470.1622,82380.4624,100641.923,0,,,,,,,0,,,,,155,0.553571429,0.592611063,unresolved,no stable repeated-value interval cluster,unknown,0,,,,,,,281,281,0,0,0
PLTS IKN / STS09 / WB09_EMI01 / MEAS / PV MODUL TEMP 01,PLTS IKN,STS09,WB09,EMI01,PV MODUL TEMP 01,PV MODUL TEMP 01,meteorological,,14968,1,1,2026-06-01 00:09:05.740,2026-06-30 23:55:34.211,naive,193,14774,0.1,3035,0.205428455,9.99999997e-06,high,0,,79.688,350.0514,1517.19248,4979.533,0,,,,,,,0,,,,,138,0.715025907,0.60234124,unresolved,no stable repeated-value interval cluster,unknown,0,0.099998,0.099998,0.099998,0.299999,1,2,29936,14968,14968,0,0
PLTS IKN / STS09 / WB09_EMI01 / MEAS / PV MODUL TEMP 02,PLTS IKN,STS09,WB09,EMI01,PV MODUL TEMP 02,PV MODUL TEMP 02,meteorological,,14430,1,1,2026-06-01 00:24:00.641,2026-06-30 23:33:24.926,naive,191,14238,0.1,2906,0.2041017,9.99999997e-06,high,0,,79.578,344.9662,1719.26144,7986.768,0,,,,,,,0,,,,,138,0.722513089,0.610659468,unresolved,no stable repeated-value interval cluster,unknown,0,0.099998,0.099998,0.099998,0.299999,1,1.96300074,14430,14430,0,0,0
PLTS IKN / STS09 / WB09_EMI01 / MEAS / PV MODUL TEMP 03,PLTS IKN,STS09,WB09,EMI01,PV MODUL TEMP 03,PV MODUL TEMP 03,meteorological,,14755,1,1,2026-06-01 00:07:36.210,2026-06-30 23:58:33.129,naive,183,14571,0.1,2977,0.204309931,9.99999997e-06,high,0,,79.671,340.2517,1581.27503,6349.653,0,,,,,,,0,,,,,133,0.726775956,0.611437556,unresolved,no stable repeated-value interval cluster,unknown,0,0.099998,0.099998,0.099998,0.299999,1,2,14755,14755,0,0,0
PLTS IKN / STS09 / WB09_EMI01 / MEAS / RSI DAILY ACCUM 01,PLTS IKN,STS09,WB09,EMI01,RSI DAILY ACCUM 01,RSI 01 Daily Acummulation,irradiance_accumulation,,281,1,1,2026-06-01 07:24:17.852,2026-06-30 14:38:24.472,naive,280,0,,0,0,,unresolved,0,insufficient positive deltas for a supported lower-edge cluster,15.4215,36470.1622,82380.4624,100641.923,0,,,,,,,0,,,,,155,0.553571429,0.592570605,unresolved,no stable repeated-value interval cluster,unknown,0,,,,,,,281,281,0,0,0
PLTS IKN / STS09 / WB09_EMI01 / MEAS / RSI DAILY ACCUM 02,PLTS IKN,STS09,WB09,EMI01,RSI DAILY ACCUM 02,RSI 02 Daily Acummulation,irradiance_accumulation,,281,1,1,2026-06-01 07:24:17.852,2026-06-30 14:38:24.472,naive,280,0,,0,0,,unresolved,0,insufficient positive deltas for a supported lower-edge cluster,15.4215,36470.1622,82380.4624,100641.923,0,,,,,,,0,,,,,155,0.553571429,0.592543866,unresolved,no stable repeated-value interval cluster,unknown,0,,,,,,,281,281,0,0,0
PLTS IKN / STS09 / WB09_EMI01 / MEAS / RSI DAILY ACCUM 03,PLTS IKN,STS09,WB09,EMI01,RSI DAILY ACCUM 03,RSI 03 Daily Acummulation,irradiance_accumulation,,281,1,1,2026-06-01 07:24:17.852,2026-06-30 14:38:24.472,naive,280,0,,0,0,,unresolved,0,insufficient positive deltas for a supported lower-edge cluster,15.4215,36470.1622,82380.4624,100641.923,0,,,,,,,0,,,,,155,0.553571429,0.592543866,unresolved,no stable repeated-value interval cluster,unknown,0,,,,,,,281,281,0,0,0
PLTS IKN / STS09 / WB09_EMI01 / MEAS / RSI MONTHLY ACCUM 01,PLTS IKN,STS09,WB09,EMI01,RSI MONTHLY ACCUM 01,RSI 01 Monthly Acummulation,irradiance_accumulation,,281,1,1,2026-06-01 07:24:17.852,2026-06-30 14:38:24.472,naive,280,0,,0,0,,unresolved,0,insufficient positive deltas for a supported lower-edge cluster,15.4215,36470.1622,82380.4624,100641.923,0,,,,,,,0,,,,,155,0.553571429,0.592553518,unresolved,no stable repeated-value interval cluster,unknown,0,,,,,,,281,281,0,0,0
PLTS IKN / STS09 / WB09_EMI01 / MEAS / RSI MONTHLY ACCUM 02,PLTS IKN,STS09,WB09,EMI01,RSI MONTHLY ACCUM 02,RSI 02 Monthly Acummulation,irradiance_accumulation,,281,1,1,2026-06-01 07:24:17.852,2026-06-30 14:38:24.472,naive,280,0,,0,0,,unresolved,0,insufficient positive deltas for a supported lower-edge cluster,15.4215,36470.1622,82380.4624,100641.923,0,,,,,,,0,,,,,155,0.553571429,0.592543866,unresolved,no stable repeated-value interval cluster,unknown,0,,,,,,,281,281,0,0,0
PLTS IKN / STS09 / WB09_EMI01 / MEAS / RSI MONTHLY ACCUM 03,PLTS IKN,STS09,WB09,EMI01,RSI MONTHLY ACCUM 03,RSI 03 Monthly Acummulation,irradiance_accumulation,,281,1,1,2026-06-01 07:24:17.852,2026-06-30 14:38:24.472,naive,280,0,,0,0,,unresolved,0,insufficient positive deltas for a supported lower-edge cluster,15.4215,36470.1622,82380.4624,100641.923,0,,,,,,,0,,,,,155,0.553571429,0.592527601,unresolved,no stable repeated-value interval cluster,unknown,0,,,,,,,281,281,0,0,0
PLTS IKN / STS09 / WB09_EMI01 / MEAS / RSI YEARLY ACCUM 01,PLTS IKN,STS09,WB09,EMI01,RSI YEARLY ACCUM 01,RSI 01 Yearly Acummulation,irradiance_accumulation,,282,1,1,2026-06-01 07:24:17.852,2026-06-30 14:38:24.472,naive,280,1,,0,0,,unresolved,0,insufficient positive deltas for a supported lower-edge cluster,15.467,36303.492,82293.5656,100641.923,0,,,,,,,0,,,,,155,0.553571429,0.592553518,unresolved,no stable repeated-value interval cluster,unknown,0,23.055555,23.055555,23.055555,23.055555,23.055555,23.055555,282,282,0,0,0
PLTS IKN / STS09 / WB09_EMI01 / MEAS / RSI YEARLY ACCUM 02,PLTS IKN,STS09,WB09,EMI01,RSI YEARLY ACCUM 02,RSI 02 Yearly Acummulation,irradiance_accumulation,,282,1,1,2026-06-01 07:24:17.852,2026-06-30 14:38:24.472,naive,280,1,,0,0,,unresolved,0,insufficient positive deltas for a supported lower-edge cluster,15.467,36303.492,82293.5656,100641.923,0,,,,,,,0,,,,,155,0.553571429,0.592543866,unresolved,no stable repeated-value interval cluster,unknown,0,23.333334,23.333334,23.333334,23.333334,23.333334,23.333334,282,282,0,0,0
PLTS IKN / STS09 / WB09_EMI01 / MEAS / RSI YEARLY ACCUM 03,PLTS IKN,STS09,WB09,EMI01,RSI YEARLY ACCUM 03,RSI 03 Yearly Acummulation,irradiance_accumulation,,281,1,1,2026-06-01 07:24:17.852,2026-06-30 14:38:24.472,naive,280,0,,0,0,,unresolved,0,insufficient positive deltas for a supported lower-edge cluster,15.4215,36470.1622,82380.4624,100641.923,0,,,,,,,0,,,,,155,0.553571429,0.592527601,unresolved,no stable repeated-value interval cluster,unknown,0,,,,,,,281,281,0,0,0
PLTS IKN / STS09 / WB09_EMI01 / MEAS / WIND DIRECTION,PLTS IKN,STS09,WB09,EMI01,WIND DIRECTION,WIND DIRECTION,meteorological,,281,1,1,2026-06-01 07:24:17.852,2026-06-30 14:38:24.472,naive,280,0,,0,0,,unresolved,0,insufficient positive deltas for a supported lower-edge cluster,15.4215,36470.1622,82380.4624,100641.923,0,,,,,,,0,,,,,155,0.553571429,0.592611063,unresolved,no stable repeated-value interval cluster,unknown,0,,,,,,,281,281,0,0,0
PLTS IKN / STS09 / WB09_EMI01 / MEAS / WIND SPEED,PLTS IKN,STS09,WB09,EMI01,WIND SPEED,WIND SPEED,meteorological,,296163,1,5,2026-06-01 00:01:47.935,2026-06-30 23:59:59.299,naive,118,296044,0.1,131995,0.445862777,2.77555756e-16,high,0,,6.576,9.951,33.165,6545.312,0,,,,,,,0,,,,,75,0.63559322,0.410443945,unresolved,no stable repeated-value interval cluster,unknown,0,0.1,0.1,0.1,0.2,0.6,1.4,296163,296163,0,0,1
