source_scope,source_name,byte_size,sha256,csv_entry_count,populated_csv_count,empty_csv_count,uncompressed_csv_bytes,relative_path,ws,emi,channel_group,filename_schema,raw_row_count,coverage_start_raw,coverage_end_raw
raw_cov,trends_export_1783132798422.zip,669063,89c14c7d1c41647acc1c05467f765f9d8d244a2adc93f401957b101c52a57ba5,2,2,0,3328197,trends_export_1783132798422.zip,,,,,,,
raw_cov,trends_export_1783132807419.zip,129030,2a8923c84be9b8854a1e620cba72da27f8f726d46f90f65ab02a34368bfa1a81,1,1,0,545093,trends_export_1783132807419.zip,,,,,,,
raw_cov,trends_export_1783132813029.zip,4426,736d56da8e34ff416e9be178a4baa71255d242b6d5354debf0466a18dfbdc7bf,1,1,0,16541,trends_export_1783132813029.zip,,,,,,,
raw_cov,trends_export_1783132819168.zip,62168,10d7e51c407379fca60c948c7e09c426aad47028e88de1c8b19e592b5527881c,1,1,0,243388,trends_export_1783132819168.zip,,,,,,,
raw_cov,trends_export_1783132825322.zip,4128,599f3f8153d4b0db77e39a76708ab7ab85100179f12e6cd06c45480bc5427f45,1,1,0,15606,trends_export_1783132825322.zip,,,,,,,
raw_cov,trends_export_1783132831152.zip,4098,857c984fcc1ff34a671014e7aa4799e734ae8d271c5b225edbfcdd64a5a1ef01,1,1,0,15671,trends_export_1783132831152.zip,,,,,,,
raw_cov,trends_export_1783132838861.zip,132332,421f873b81dc79e76e269a3db30a57a65356c0b5f987e4cbd5dfecc93571f76d,1,1,0,528146,trends_export_1783132838861.zip,,,,,,,
raw_cov,trends_export_1783132844496.zip,2546,af771a8483473b3e63fc911ddaf88bba56ffa45126f80dca2073a6464f2d7c39,1,1,0,10014,trends_export_1783132844496.zip,,,,,,,
raw_cov,trends_export_1783132852537.zip,2496,6d83c57d24e2606c08c833facc72aa15e32825d5ffab9ca7e6498ad122bcd10e,1,1,0,9925,trends_export_1783132852537.zip,,,,,,,
raw_cov,trends_export_1783132858197.zip,2498,92a25bbaef62d67a3e7fab1b89295edcc23cb10eeb5f906f6c98f6e37a0d8097,1,1,0,9927,trends_export_1783132858197.zip,,,,,,,
raw_cov,trends_export_1783132863823.zip,2620,3f03783b795844215ab84db679512bd95e0ef99bd25720798669c938bc4103f8,1,1,0,10505,trends_export_1783132863823.zip,,,,,,,
raw_cov,trends_export_1783132874321.zip,112333,735c0b49653735227fb7265ad6b9ade54413b0eb1244b6ba361695cb16d4a77a,1,1,0,439479,trends_export_1783132874321.zip,,,,,,,
raw_cov,trends_export_1783132882016.zip,6100,2f72e8589d6d25f1790ddffd530c6d65736b9fd3ad0f7620845cea0063d3dda4,1,1,0,23863,trends_export_1783132882016.zip,,,,,,,
raw_cov,trends_export_1783132888557.zip,6022,9e6897c3364cd601b2469da8e179ec5e377c9dd71f566ecbb44b0eacf27b4c8e,1,1,0,24145,trends_export_1783132888557.zip,,,,,,,
raw_cov,trends_export_1783132900938.zip,224995,2a1604f0f69d8323dde34bbaffe96192227ffb21354298f96e58a9a1d2091d04,1,1,0,890684,trends_export_1783132900938.zip,,,,,,,
raw_cov,trends_export_1783132911984.zip,426437,84e5bf6fcde325f8944c32d8823d8a1a30219f5f49fa45b9cecf52368056a5d6,1,1,0,1754364,trends_export_1783132911984.zip,,,,,,,
raw_cov,trends_export_1783132920950.zip,2514,8998335ac293ba3876b236b7569a455bb199623625b0183888d1a2b2818a0789,1,1,0,9943,trends_export_1783132920950.zip,,,,,,,
raw_cov,trends_export_1783132926975.zip,2519,bd981ae1d185df969b83d9127ffecc1bd4d80ee8d5adda0d5118a4dbec0964e1,1,1,0,9943,trends_export_1783132926975.zip,,,,,,,
raw_cov,trends_export_1783132934182.zip,2518,59dc0f293b76ac6152da49aaa496f9fc202dd6cf0c310e85e78934654ea13a80,1,1,0,9943,trends_export_1783132934182.zip,,,,,,,
raw_cov,trends_export_1783132944350.zip,67934,a22ec6f52cf4400511408b354ef7aee7175529f7e754f0fcb178244a500fb71d,1,1,0,261986,trends_export_1783132944350.zip,,,,,,,
raw_cov,trends_export_1783132951031.zip,120346,fae7030cb9e363a2ee5273b2241bad0749a1be81d65cf594e6d1fb9742fa932c,1,1,0,473175,trends_export_1783132951031.zip,,,,,,,
raw_cov,trends_export_1783132960069.zip,5793,483b7de64a550df1704d216b8def6e81bd9811b4899da81b1e3c7d5af9f2cabe,1,1,0,22164,trends_export_1783132960069.zip,,,,,,,
raw_cov,trends_export_1783132968050.zip,5771,9b6e15120a1fafab0e7207c27e7738b84a07ea5f0983dcd15d3443d7648ee9f6,1,1,0,22814,trends_export_1783132968050.zip,,,,,,,
raw_cov,trends_export_1783132978563.zip,2486,4ed2ae900af65e631247582148edf6ea48644254d9a373df5ef6ffeeab942a45,1,1,0,9913,trends_export_1783132978563.zip,,,,,,,
raw_cov,trends_export_1783132988065.zip,149707,68ac62fcdf05376fcdf2c8fee27272c45dc5cd695d6c930919bd67e27a28173e,1,1,0,615204,trends_export_1783132988065.zip,,,,,,,
raw_cov,trends_export_1783132999904.zip,149707,2f3e0a78819e440827db202625c5af07ff2adb9a5a5da7aec6f28859cc81c431,1,1,0,615204,trends_export_1783132999904.zip,,,,,,,
raw_cov,trends_export_1783133007679.zip,144625,638d709b39eadcea13977a15e3bbbcbffa6be8ea378eb5c513d7882624f80ba8,1,1,0,592387,trends_export_1783133007679.zip,,,,,,,
raw_cov,trends_export_1783133017086.zip,147775,dfda27a0c59a8d79c5fe5c35fced91724ef13392e701b6efeab1dc9b1e665d81,1,1,0,606770,trends_export_1783133017086.zip,,,,,,,
raw_cov,trends_export_1783133025380.zip,2491,13eee65b22cd14879871501cec8a22fc33be279faf552e2f3a74b74de222d46b,1,1,0,9923,trends_export_1783133025380.zip,,,,,,,
raw_cov,trends_export_1783133032104.zip,2497,d6da3822fac694559fb4d8bfcf2bb62ab5b60b5d9beaaaf6e43f6d12e26a80af,1,1,0,9923,trends_export_1783133032104.zip,,,,,,,
raw_cov,trends_export_1783133037559.zip,2495,4e088174095a76563f0c41ffe053f0c41e05bc0cde032f352c7f08ba425c5e2c,1,1,0,9923,trends_export_1783133037559.zip,,,,,,,
raw_cov,trends_export_1783133044212.zip,2495,d491468155d3b7c7ffc832d92b239e66161336319e64e9067eceb60806cbd4d4,1,1,0,9925,trends_export_1783133044212.zip,,,,,,,
raw_cov,trends_export_1783133052851.zip,2500,f75ad5a1d18cc68a417fc3a9e1a21406a33775fdd90ece5cb59d6e0e2b33777a,1,1,0,9925,trends_export_1783133052851.zip,,,,,,,
raw_cov,trends_export_1783133058682.zip,2498,3865f317dd07eaaa58fe4bf1574213f78a94cf4002d77709f4d47c43c3b10574,1,1,0,9925,trends_export_1783133058682.zip,,,,,,,
raw_cov,trends_export_1783133065616.zip,2616,e6a6a422630fa0e5926d594400d3e19db5dfeefed7d54eff857506f4a6b87fc9,1,1,0,10503,trends_export_1783133065616.zip,,,,,,,
raw_cov,trends_export_1783133072246.zip,2611,82349d08ccc555f7d7453bc08765fec13351e17d6762a1e5ea73bd0371fb6f61,1,1,0,10503,trends_export_1783133072246.zip,,,,,,,
raw_cov,trends_export_1783133077930.zip,2497,502913d3eb30f1e219dd4b0dcc5e7ad725adbfe03e90757a132fb5ab5f10b257,1,1,0,9924,trends_export_1783133077930.zip,,,,,,,
raw_cov,trends_export_1783133085080.zip,2493,40d6c6a2d64dfcd9f17c49a0ad218cf8ddb900ec0884798ca79d1dc56d8f9cb6,1,1,0,9919,trends_export_1783133085080.zip,,,,,,,
raw_cov,trends_export_1783133094694.zip,2252405,0f20118f57c3fc25318ceeacf363ce2988f9ebf0b7be616ca8da369e73140837,5,5,0,10901859,trends_export_1783133094694.zip,,,,,,,
raw_cov,trends_export_1783133131721.zip,433217,1af51dae01e2e7adec90764ce114732ae70c2ede2d6df884f75ad45bc870ba83,1,1,0,2084487,trends_export_1783133131721.zip,,,,,,,
raw_cov,trends_export_1783133144709.zip,90668,42410c5557a19726cfd913813bf920efcca27e9c21b288b09834553ff689aa67,1,1,0,382674,trends_export_1783133144709.zip,,,,,,,
raw_cov,trends_export_1783133150997.zip,3994,ea92b0311f80c5b12b7248498c68bda66a1e08d83f4fb592a801298a7724e99b,1,1,0,14904,trends_export_1783133150997.zip,,,,,,,
raw_cov,trends_export_1783133157877.zip,122046,b45f965b0b7908ba807e50a9c7b8f3ce298f6952103795647490476f6c227925,1,1,0,479523,trends_export_1783133157877.zip,,,,,,,
raw_cov,trends_export_1783133164336.zip,6216,d28a71867c3932bc908499c858683fdd6523b6e604e992277ae2b304c16468d0,1,1,0,24370,trends_export_1783133164336.zip,,,,,,,
raw_cov,trends_export_1783133169942.zip,6265,95c5260e1a72de8a00e2b9b325b92db6897b136a81447002f8fbfb873c2234a9,1,1,0,25159,trends_export_1783133169942.zip,,,,,,,
raw_cov,trends_export_1783133178439.zip,292946,25041c60a406b80bf072452c07e5cc437cbde81dcf14657dd6101329740ea993,1,1,0,1167907,trends_export_1783133178439.zip,,,,,,,
raw_cov,trends_export_1783133188183.zip,6599,c836a9a15d6e93f9d0f439b5e914997159a914e14bc573001e14887270224745,1,1,0,25330,trends_export_1783133188183.zip,,,,,,,
raw_cov,trends_export_1783133202012.zip,3601,1e8c94841a2069983462f249f86b23281bb0fe658657fc31be103c8165f13c5d,1,1,0,13737,trends_export_1783133202012.zip,,,,,,,
raw_cov,trends_export_1783133208025.zip,2533,8b3cebc77433a83b0622a9a051cfd9a43d3fbb3b35eafbdc5c07776231e1e327,1,1,0,10095,trends_export_1783133208025.zip,,,,,,,
raw_cov,trends_export_1783133214278.zip,2558,7f3b59679826e13123df8636ecfb8c7d5e98f6c1c07d0cbf79df6330102476f8,1,1,0,11663,trends_export_1783133214278.zip,,,,,,,
raw_cov,trends_export_1783133220741.zip,123001,93843768c3d3b3d25e983d2d701a980376c1eb1b1acddfa35d6a6b280fc1f289,1,1,0,482719,trends_export_1783133220741.zip,,,,,,,
raw_cov,trends_export_1783133227281.zip,6485,3ed4fe94331e1a0a44e24b8601e457328e8e1c524c8c6a674c32c0175f3953ec,1,1,0,25467,trends_export_1783133227281.zip,,,,,,,
raw_cov,trends_export_1783133234907.zip,6613,eb4aee2dfc1cbc7e3499f4792ad6f6a7d63fc9a582287b95f4bf5a8a2fd8f018,1,1,0,26227,trends_export_1783133234907.zip,,,,,,,
raw_cov,trends_export_1783133244877.zip,297314,e0ed1f32554cd51b0d4b3291cd2b154994eaf2eecc81a1311e8cf95cc8db0f44,1,1,0,1181956,trends_export_1783133244877.zip,,,,,,,
raw_cov,trends_export_1783133253648.zip,302930,cf99d493055fab60b10cfc1986fd33451a94f6a64633b52ff4ba358c7a627b71,1,1,0,1201901,trends_export_1783133253648.zip,,,,,,,
raw_cov,trends_export_1783133261794.zip,79015,0d86d8fca28d16da2237dd9633daad254d7cf90d7efaa518fab568f7ef1296b2,1,1,0,335898,trends_export_1783133261794.zip,,,,,,,
raw_cov,trends_export_1783133269396.zip,76912,0774473742195f22d1e8d3c7354bae417f2545e8a81a34698393bc5823788f77,1,1,0,327572,trends_export_1783133269396.zip,,,,,,,
raw_cov,trends_export_1783133275465.zip,80057,54ea59361d60b8a4a7fd7b792f9f85f700a6b706bba392f0b627b2c0d883b762,1,1,0,340755,trends_export_1783133275465.zip,,,,,,,
raw_cov,trends_export_1783133283152.zip,76933,f4ba91809efe3f78fd41746427a4bf1411f4ae4b308fcb8eaad31404f7d95bf3,1,1,0,298912,trends_export_1783133283152.zip,,,,,,,
raw_cov,trends_export_1783133289804.zip,124903,d922245a1a22f1594bf254d36e5aa38215142d25be7ff7c7082a518e3f155a2a,1,1,0,489219,trends_export_1783133289804.zip,,,,,,,
raw_cov,trends_export_1783133301267.zip,6838,45ed8555146207a40b1e5ff2499f970b484176ad83ca78dd83f9c7efd5034697,1,1,0,26739,trends_export_1783133301267.zip,,,,,,,
raw_cov,trends_export_1783133308627.zip,6861,487e5565ab9b424dd2db055e2a40297db21ca4b725ca4a84a1b05acb86ee6e2d,1,1,0,27429,trends_export_1783133308627.zip,,,,,,,
raw_cov,trends_export_1783133316970.zip,2414,42a63aba9a29daff12f281bb3267e730d2d8c6b8bdac5e7070f9f02ac388ea3a,1,1,0,9598,trends_export_1783133316970.zip,,,,,,,
raw_cov,trends_export_1783133323101.zip,104296,89face52a87840f84ca47618df797fc5de7b99add97c9b221f4c761bd2336477,1,1,0,429005,trends_export_1783133323101.zip,,,,,,,
raw_cov,trends_export_1783133328980.zip,105498,07acc67a1ee023f3d52bf21b56144282863b393caf36355bfcc83b88a7d9f668,1,1,0,435826,trends_export_1783133328980.zip,,,,,,,
raw_cov,trends_export_1783133335226.zip,103260,fdf9245eb8245138266054e68ebde6fffc5a93c0d8c6caeb6f82bf7817f0653e,1,1,0,423395,trends_export_1783133335226.zip,,,,,,,
raw_cov,trends_export_1783133344524.zip,10734,e52bca2063ab544b64666083911c072cc835c2a2ced92ef7564c5170c63b69fd,1,1,0,42583,trends_export_1783133344524.zip,,,,,,,
raw_cov,trends_export_1783133350028.zip,9598,c30371f878b2bf6541c1bdfd8070bf2b52c57e824dbd868f1828c9efe7b8b9e0,1,1,0,38260,trends_export_1783133350028.zip,,,,,,,
raw_cov,trends_export_1783133356013.zip,10437,e90b4fd6912d29767c8ff6c24f655eb8b910ffca446bcc54383af52f862ce51f,1,1,0,41448,trends_export_1783133356013.zip,,,,,,,
raw_cov,trends_export_1783133364386.zip,2696,c524c7711bf3b6bd7fd7a92f5a014d274d37c93ab9af6bfd005ef5092dee1311,1,1,0,11486,trends_export_1783133364386.zip,,,,,,,
raw_cov,trends_export_1783133370583.zip,2683,15cd1f77b37975510cfc7ba18b409c7c78570fac6cfb3157021965abc60205fd,1,1,0,11012,trends_export_1783133370583.zip,,,,,,,
raw_cov,trends_export_1783133377214.zip,2699,6b7d1b6323adc4ccc8a158e72bb093bb6b43b3f6a6f940b5bb0b45a5eb1ea2f5,1,1,0,11082,trends_export_1783133377214.zip,,,,,,,
raw_cov,trends_export_1783133382878.zip,2679,f12b9e97c7b0d6fc53531823715d93627e7d302b9487796d85dc6358aec1e973,1,1,0,11689,trends_export_1783133382878.zip,,,,,,,
raw_cov,trends_export_1783133389112.zip,2687,122ef967210c4f2d9a2ceadc398a7ee3ae025b3edb3d0190422cd1aa389a47bf,1,1,0,11597,trends_export_1783133389112.zip,,,,,,,
raw_cov,trends_export_1783133396453.zip,2724,216e58d5e479290f9499304d5ade2b5a5735c962c6d47d20693893eadc90d137,1,1,0,11583,trends_export_1783133396453.zip,,,,,,,
raw_cov,trends_export_1783133418134.zip,1228544,0d0280aa544e59760e5401352f8efafa4f453eb04196a76d845eda4c28896c6c,3,3,0,5240078,trends_export_1783133418134.zip,,,,,,,
raw_cov,trends_export_1783133435861.zip,529233,4f9aa8c8a79d2045938f2db49bf26eb0f5acb80816f96582c3b69e1ac66ae2d5,2,2,0,2464025,trends_export_1783133435861.zip,,,,,,,
raw_cov,trends_export_1783133458781.zip,722806,20750ef0182f24d2135df968f3ae2b0fe321753fe3146ea56c0c18e4dbf5b32f,2,2,0,3403076,trends_export_1783133458781.zip,,,,,,,
raw_cov,trends_export_1783133473044.zip,149878,7784f22cfc840eb051d123c09025466626cb7380fa07311d557263e60196e53b,1,1,0,627499,trends_export_1783133473044.zip,,,,,,,
raw_cov,trends_export_1783133480643.zip,4655,7f1654ecf538b711a918dcc324a8b7a78767110143103f538b3dc77d291e0035,1,1,0,17186,trends_export_1783133480643.zip,,,,,,,
raw_cov,trends_export_1783133488308.zip,187002,a08c6da271a999b3247ec3bb2a46f8fac8ddf3d6ae28773e68edc29597796ecd,1,1,0,733248,trends_export_1783133488308.zip,,,,,,,
raw_cov,trends_export_1783133495737.zip,8919,65e6ed4abefed4584a778978cdee44c074c94fd3e4de7e24368a3f49ffa225e8,1,1,0,34195,trends_export_1783133495737.zip,,,,,,,
raw_cov,trends_export_1783133504315.zip,8642,11bc922ba4251074bf16a7cf599c6485a550c0d27265e653a319c51d74f43541,1,1,0,34416,trends_export_1783133504315.zip,,,,,,,
raw_cov,trends_export_1783133520022.zip,437443,39004d6b86d8cb54f2e372bd19689cfd1a56491908497e067a378f2320dca841,1,1,0,1735905,trends_export_1783133520022.zip,,,,,,,
raw_cov,trends_export_1783133528371.zip,3721,781c02dd37ff94362b8324e042def74229ae61686e4a73512ada8afb7ee77424,1,1,0,14322,trends_export_1783133528371.zip,,,,,,,
raw_cov,trends_export_1783133534154.zip,2573,052a355aa773c384d3bbc1afcb2f7bd6a45e95b9727364103896db4d53fe5895,1,1,0,9932,trends_export_1783133534154.zip,,,,,,,
raw_cov,trends_export_1783133542190.zip,2436,3d4fcc884d7c4a61bf4702320c2387db51324bc3e2cb8ef530a09ee7cc906aff,1,1,0,9577,trends_export_1783133542190.zip,,,,,,,
raw_cov,trends_export_1783133549064.zip,2450,45c7ae811b94db508fa3b468ec899f29b83b8a885a3d766b881a89d73f9111c8,1,1,0,11473,trends_export_1783133549064.zip,,,,,,,
raw_cov,trends_export_1783133558723.zip,179549,0e32eb5bd2b333081e8905133cc9d9e2f188aa6223b9be8c3dfc31fbe9bdf599,1,1,0,704321,trends_export_1783133558723.zip,,,,,,,
raw_cov,trends_export_1783133566875.zip,8135,9681ceafdeeb82c3b5b3b6950030ebc90f7b630d6d1a0ebb015a50a0ad9f8bec,1,1,0,31385,trends_export_1783133566875.zip,,,,,,,
raw_cov,trends_export_1783133573617.zip,8032,b7fc0b28c0e45cac8e0dbf4b6327833451493410a4724f1bf79f8548b7b26893,1,1,0,32067,trends_export_1783133573617.zip,,,,,,,
raw_cov,trends_export_1783133586113.zip,417998,e58ffbe2d0550c67465a792ecd3018cec3db4ae68f7bd76da5956dc4aca2725b,1,1,0,1660162,trends_export_1783133586113.zip,,,,,,,
raw_cov,trends_export_1783133598001.zip,2443,794700ce9a34cc37d642c92ff04bd8b5f74dc49ae03df6a9cbd06319b18eea09,1,1,0,9587,trends_export_1783133598001.zip,,,,,,,
raw_cov,trends_export_1783133604734.zip,2450,c03d24c9dfd6d2cd1fffb5ba822624f8fc99460dcccbb520619b08088b5f7954,1,1,0,9593,trends_export_1783133604734.zip,,,,,,,
raw_cov,trends_export_1783133610369.zip,2446,eadf1574e8a545ea3e5aec6a3d96c1763ddce21524c9b192ba823b6e4404bde6,1,1,0,9593,trends_export_1783133610369.zip,,,,,,,
raw_cov,trends_export_1783133617128.zip,2451,a82f5eb1402a0ba25b6d07e0adb02b9acf5c8f66fc298632ed5b94ce68841cd7,1,1,0,9593,trends_export_1783133617128.zip,,,,,,,
raw_cov,trends_export_1783133630079.zip,109431,c9b54ef992e5281851191cd496774fc0edb533a1b951dc09a59412d56015917e,1,1,0,423695,trends_export_1783133630079.zip,,,,,,,
raw_cov,trends_export_1783133639523.zip,2419,634b57767817cb02f7c0946943505a2036ba93bbb548e298a4eb1e62f15204bc,1,1,0,9570,trends_export_1783133639523.zip,,,,,,,
raw_cov,trends_export_1783133646957.zip,2422,c2f88b73fdc8d1d210cd55a69547e2e66a72b7cbf30e2bc22dfc98b2a74ef0d8,1,1,0,9572,trends_export_1783133646957.zip,,,,,,,
raw_cov,trends_export_1783133654017.zip,2418,1c2b07d3333ed1faf8ab506f8ca7666a3a0f88b4dc4b802dbfaba05fdb19c11d,1,1,0,9571,trends_export_1783133654017.zip,,,,,,,
raw_cov,trends_export_1783133660098.zip,2418,1dc0060ded8e4b69d3a8d2e8f8174b8d3799192a97195f3cda5feaefc2e2bccc,1,1,0,9563,trends_export_1783133660098.zip,,,,,,,
raw_cov,trends_export_1783133669557.zip,145055,e50ff0cde4db39909914de48fb0deb6c17de2a8aff0416ec10994685e3437a10,1,1,0,596459,trends_export_1783133669557.zip,,,,,,,
raw_cov,trends_export_1783133677375.zip,140454,ebc20c84c8087c140c42d7db50b860dc5dbcfd0252bfb5269f7f3959d6197bf8,1,1,0,575876,trends_export_1783133677375.zip,,,,,,,
raw_cov,trends_export_1783133685486.zip,137851,5c4b03acaff11fa1bc2d072a90622a8d14e005b740f9b7ec31a07cc0e7cc7722,1,1,0,564867,trends_export_1783133685486.zip,,,,,,,
raw_cov,trends_export_1783133691722.zip,2422,ed7e4f70bfb852de1edbf7c7ca05d140c7eeba42f7e728757e00a2021acf71ef,1,1,0,9573,trends_export_1783133691722.zip,,,,,,,
raw_cov,trends_export_1783133697277.zip,2419,8942ffebce42649b29bfaed7c3e52394ff7789ce73fd79429215128108d7179e,1,1,0,9573,trends_export_1783133697277.zip,,,,,,,
raw_cov,trends_export_1783133702941.zip,2428,d2fe2a7ab4626da1e652b012a9548c3acec595a8a33c798cffcf9ff8e2fd398f,1,1,0,9573,trends_export_1783133702941.zip,,,,,,,
raw_cov,trends_export_1783133711658.zip,2428,71039958a0e587e39339d9b9a398a0d0212a440956c65c39951201d723e70444,1,1,0,9573,trends_export_1783133711658.zip,,,,,,,
raw_cov,trends_export_1783133719920.zip,2428,0dbec1f21ad77f0e44d154342c6ee6e27f9cd5cd5814eb8f76f1e820bbbe2a7a,1,1,0,9575,trends_export_1783133719920.zip,,,,,,,
raw_cov,trends_export_1783133726544.zip,2426,27b338de84aba473752789085d7a4f92382dd5a1e8a3ee3ad01a861bd38792b5,1,1,0,9575,trends_export_1783133726544.zip,,,,,,,
raw_cov,trends_export_1783133733379.zip,2430,e94b43581da0adbbb6a1e794a8db3ee59101bd8db85a1c1d46c9128382680ac4,1,1,0,9575,trends_export_1783133733379.zip,,,,,,,
raw_cov,trends_export_1783133741941.zip,2423,aa539bb52e4b767326010e78262133a1c7a8f3d76c2f396d51c6ee37f64e6050,1,1,0,9574,trends_export_1783133741941.zip,,,,,,,
raw_cov,trends_export_1783133748150.zip,2420,893989ea63e7ddeff414655d9656d68965ed54908c7c34f41c4e49598bf23606,1,1,0,9574,trends_export_1783133748150.zip,,,,,,,
raw_cov,trends_export_1783133753793.zip,2428,ef66ed383519da0854ba1009bb05743dbb83e8bccd7cd035e5b810f6d1b9f308,1,1,0,9574,trends_export_1783133753793.zip,,,,,,,
raw_cov,trends_export_1783133776742.zip,1237553,8122a15f2b87fad1d2892193f561ab63bad6e90f0362577cdebecf06387d8124,3,3,0,5125703,trends_export_1783133776742.zip,,,,,,,
raw_cov,trends_export_1783133803322.zip,657240,b96ab8cb8ef8b982ed19896be2af0505f1d388ad09422e24a8c91edca440f5db,2,2,0,3009966,trends_export_1783133803322.zip,,,,,,,
raw_cov,trends_export_1783135708254.zip,464178,565f392666cf41c25370849d1f6f4bbd867cb05ee789fc301cdb3592c7905dbe,1,1,0,2170590,trends_export_1783135708254.zip,,,,,,,
raw_cov,trends_export_1783135718014.zip,148353,cf6f770cd6a6d7ceb45656daba5ca701d90370d4558b9257ebd98472ac2a1cd3,1,1,0,627701,trends_export_1783135718014.zip,,,,,,,
raw_cov,trends_export_1783135724964.zip,2480,e25033f436f041f44e0aedbad13ad5761c85b62b751bbf4771cc6a6a7806e1f4,1,1,0,7898,trends_export_1783135724964.zip,,,,,,,
raw_cov,trends_export_1783135731493.zip,173638,4ed9c53b2489abb53fe360f7f1af9e21892a6f4f63ce6782c0da1a72330576fe,1,1,0,679969,trends_export_1783135731493.zip,,,,,,,
raw_cov,trends_export_1783135738220.zip,4429,2ff636246ebe53e9658a87ee38bc4e550ffde36a7aa5a22f7006c217c25f2855,1,1,0,14694,trends_export_1783135738220.zip,,,,,,,
raw_cov,trends_export_1783135744541.zip,4381,0ff4e34ef0f3a9a5c6d6b285e0040bc0747c77da82a53c38ae22b57317416794,1,1,0,14950,trends_export_1783135744541.zip,,,,,,,
raw_cov,trends_export_1783135756008.zip,472665,85bb80b11c89ffac34552b84d0e21298322940b5d3a2c01f47039adcaec087b6,1,1,0,1906063,trends_export_1783135756008.zip,,,,,,,
raw_cov,trends_export_1783135766178.zip,53629,88d061468d327ed2ec7abb20cb21903f65c1a90fbfe80cf0cddc7c3a62a7ff93,1,1,0,213744,trends_export_1783135766178.zip,,,,,,,
raw_cov,trends_export_1783135775788.zip,13271,ef0759dca674df2611519e56fd837e3125f331806564b289999734c520a1b276,1,1,0,52088,trends_export_1783135775788.zip,,,,,,,
raw_cov,trends_export_1783135785010.zip,565,149160c51aaad944ec1a0667ba708f0f6c4d7cbea0736fb4e525baf000ca44dc,1,1,0,913,trends_export_1783135785010.zip,,,,,,,
raw_cov,trends_export_1783135791077.zip,574,9f42a1931e82441e1ed1a50397e304873f9bf0be28c8d81f0cb96b14b5c78f7e,1,1,0,934,trends_export_1783135791077.zip,,,,,,,
raw_cov,trends_export_1783135798833.zip,180597,33da5d545a3ca5e02050aaeb923c32f870069fb12d307dd0f93f10c32b2ee7fa,1,1,0,705362,trends_export_1783135798833.zip,,,,,,,
raw_cov,trends_export_1783135806083.zip,5840,77062ac50c0239b9e41d64e5d7b52a43d1013670698a6d44595fc5d18c3d61d1,1,1,0,19795,trends_export_1783135806083.zip,,,,,,,
raw_cov,trends_export_1783135813416.zip,5730,b0a968eebba8b603f3cc219f07fbaf279cc72207a25cc33352b59b53a8bc1d64,1,1,0,19889,trends_export_1783135813416.zip,,,,,,,
raw_cov,trends_export_1783135829321.zip,491297,05a64d40efa9f09c17ac295dcc0d854d165ce02beedeb33de95a30bac32f4740,1,1,0,1971956,trends_export_1783135829321.zip,,,,,,,
raw_cov,trends_export_1783135840403.zip,184,aecb8d704dc57279894819c040f9bf014c109852483cdb4dd5c560bbcfbd1d5a,1,0,1,0,trends_export_1783135840403.zip,,,,,,,
raw_cov,trends_export_1783135847400.zip,184,cf68597ed71b529ce999f364e13561f2383cbc6239f711090f5803d9cd28546f,1,0,1,0,trends_export_1783135847400.zip,,,,,,,
raw_cov,trends_export_1783135853634.zip,184,21b9363261e4be8894b4bb28398e9d76c76e469b78c5bf837aea9b67cc7cee5f,1,0,1,0,trends_export_1783135853634.zip,,,,,,,
raw_cov,trends_export_1783135861554.zip,102736,6a5632b5f331e57ad47c9d6e8ee1f6992f576329460a8a99cb85446c0787fd43,1,1,0,441956,trends_export_1783135861554.zip,,,,,,,
raw_cov,trends_export_1783135871349.zip,107148,4ba0a689bc7545f27fb4cdd415ddef9815fdb872cf3e0eead471f5e2dca31724,1,1,0,413069,trends_export_1783135871349.zip,,,,,,,
raw_cov,trends_export_1783135880064.zip,184,53f0fb237964180fca99ad3a02d4292bc8cfd1b0fe4f201651a4d8d75f46697b,1,0,1,0,trends_export_1783135880064.zip,,,,,,,
raw_cov,trends_export_1783135887736.zip,184,f0480ef98d15d8f8fecea2c3852d00c4bff91d1a1d910600da39ca52329d1387,1,0,1,0,trends_export_1783135887736.zip,,,,,,,
raw_cov,trends_export_1783135899056.zip,184,4fafe0ccab8e3088c199f55e032a577468265706bc76a9912b405f39db3ba4bd,1,0,1,0,trends_export_1783135899056.zip,,,,,,,
raw_cov,trends_export_1783135905554.zip,184,3b32b647c8a102cd832468c363a1bac60b06d87499ac2c1e0f55af464b9a6ca1,1,0,1,0,trends_export_1783135905554.zip,,,,,,,
raw_cov,trends_export_1783135971433.zip,8316,9581bdd7869170644edb33768d67611dbfde64da4dd5a2fd31ff1eaa63424ec0,1,1,0,31497,trends_export_1783135971433.zip,,,,,,,
raw_cov,trends_export_1783135995033.zip,416,2b5b5f08dd03bcd84d2f574ab1d5f1273a1f1418b8e4949306b7d30494965a0f,1,1,0,419,trends_export_1783135995033.zip,,,,,,,
raw_cov,trends_export_1783136016903.zip,398,c84f9df619160f582cfff1284b3819164ae4f4f008210ae4fe16018535a4e3a9,1,1,0,378,trends_export_1783136016903.zip,,,,,,,
raw_cov,trends_export_1783137886568.zip,2979108,bf84deb1ed68d7634b0da8944274bf0287158ded22f0c982bbaa509cf6943a54,6,6,0,13339847,trends_export_1783137886568.zip,,,,,,,
raw_cov,trends_export_1783138013177.zip,4790258,7d20f4de962a2e30f6502d1e1560a69af95093203f8682082264afb91c7cd936,9,9,0,22697284,trends_export_1783138013177.zip,,,,,,,
historical_xlsx,DHI WS-1 PLTS IKN Agustus 2025.xlsx,2806410,bbd46e80969951c21f2985545345bfcbc95565c817f716e53af0164d6b43acd9,,,,,2025/WS-1/Agustus/DHI WS-1 PLTS IKN Agustus 2025.xlsx,WS-1,EMI01,DHI,legacy,99263,2025-08-01 06:25:44.935,2025-08-31 18:07:11.450
historical_xlsx,DNI cosZ WS-1 PLTS IKN Agustus 2025.xlsx,625144,883292d14a7c1830e2e090669a6bc98a94c7026e385cdf07d67156e4caa96651,,,,,2025/WS-1/Agustus/DNI cosZ WS-1 PLTS IKN Agustus 2025.xlsx,WS-1,EMI01,DNIcosZ,legacy,7482,2025-08-01 11:35:15.017,2025-08-30 15:40:15.497
historical_xlsx,GHI WS-1 PLTS IKN Agustus 2025.xlsx,2850714,088d1cce3a5d9d586e993f930348b1a134d0b25a5f8712bed51fd581054e1f44,,,,,2025/WS-1/Agustus/GHI WS-1 PLTS IKN Agustus 2025.xlsx,WS-1,EMI01,GHI,legacy,100878,2025-08-01 06:25:25.104,2025-08-31 18:07:24.654
historical_xlsx,DHI_PLTS-IKN_WS-1_2025-Dec.xlsx,1697373,93e301f15cc564f36d6a8e6769e6db423aa6755211c4f03aa576e1beecbef366,,,,,2025/WS-1/Desember/DHI_PLTS-IKN_WS-1_2025-Dec.xlsx,WS-1,EMI01,DHI,standardized,69452,2025-12-01 06:09:08.018,2025-12-31 18:10:57.749
historical_xlsx,DNIcosZ_PLTS-IKN_WS-1_2025-Dec.xlsx,923329,75aca8c1ad212ae49406533817158b737803c59f9fafb1c90334c24baaa89cc5,,,,,2025/WS-1/Desember/DNIcosZ_PLTS-IKN_WS-1_2025-Dec.xlsx,WS-1,EMI01,DNIcosZ,standardized,30723,2025-12-01 06:30:47.210,2025-12-31 16:08:45.569
historical_xlsx,GHI_PLTS-IKN_WS-1_2025-Dec.xlsx,1820185,51c8fd1ee876242729d73579836918bc941a00ff379768f7abc2fb6d1ca3f9c5,,,,,2025/WS-1/Desember/GHI_PLTS-IKN_WS-1_2025-Dec.xlsx,WS-1,EMI01,GHI,standardized,75235,2025-12-01 06:08:08.283,2025-12-31 18:11:53.989
historical_xlsx,DHI WS-1 PLTS IKN.xlsx,15785664,b42a72d2e1f7566759410065b233fb25f7658b6fbe53fa1f98dbd6fb9dbbcb1e,,,,,2025/WS-1/Januari - Mei/DHI WS-1 PLTS IKN.xlsx,WS-1,EMI01,DHI,legacy,420210,2025-01-12 21:08:24.002,2025-05-31 18:00:34.682
historical_xlsx,DNI cosZ WS-1 PLTS IKN.xlsx,8429394,d379d4ecbe6d77aa3e79e23d136ebf62dbaa58164308868af2dc25b1023f49e8,,,,,2025/WS-1/Januari - Mei/DNI cosZ WS-1 PLTS IKN.xlsx,WS-1,EMI01,DNIcosZ,legacy,197553,2025-01-12 21:08:24.002,2025-05-31 15:15:33.420
historical_xlsx,GHI WS-1 PLTS IKN.xlsx,18891818,b1146a8c2336c688a54bde00daf5be3f21f0876ca5a2d21fca370ffff1ea4ff1,,,,,2025/WS-1/Januari - Mei/GHI WS-1 PLTS IKN.xlsx,WS-1,EMI01,GHI,legacy,513927,2025-01-12 21:08:24.002,2025-05-31 18:01:10.988
historical_xlsx,DHI WS-1 PLTS IKN Juli 2025.xlsx,3148936,aa88da016fd807055d861b92fbdb35a352dcf55561973c60af8f459a2d1138eb,,,,,2025/WS-1/Juli/DHI WS-1 PLTS IKN Juli 2025.xlsx,WS-1,EMI01,DHI,legacy,113323,2025-07-01 06:26:30.235,2025-07-31 18:11:26.210
historical_xlsx,DNI cosZ WS-1 PLTS IKN Juli 2025.xlsx,526448,a0fa12679f9271e0f1cf4c0eeadc18e82b6085954ce30a272d193a0d427b3ada,,,,,2025/WS-1/Juli/DNI cosZ WS-1 PLTS IKN Juli 2025.xlsx,WS-1,EMI01,DNIcosZ,legacy,3102,2025-07-03 15:24:14.663,2025-07-31 12:20:23.619
historical_xlsx,GHI WS-1 PLTS IKN Juli 2025.xlsx,3246632,3119c44ebff6fa17f42a2736b32aec609b20f41f6f225518e73848486cce084d,,,,,2025/WS-1/Juli/GHI WS-1 PLTS IKN Juli 2025.xlsx,WS-1,EMI01,GHI,legacy,117109,2025-07-01 06:26:17.018,2025-07-31 18:12:15.643
historical_xlsx,DHI WS-1 PLTS IKN Juni 2025.xlsx,2738640,389a4e34b56542e8869ae7e138b00102fbbfc62e266414c0eb422669b70267a3,,,,,2025/WS-1/Juni/DHI WS-1 PLTS IKN Juni 2025.xlsx,WS-1,EMI01,DHI,legacy,96936,2025-06-01 06:31:54.395,2025-06-30 17:59:31.103
historical_xlsx,DNI cosZ WS-1 PLTS IKN Juni 2025.xlsx,445548,a6a6a49d85831212790f9b580dc6623f98ce5e6a1f2aff3bbba0063ab92c22ba,,,,,2025/WS-1/Juni/DNI cosZ WS-1 PLTS IKN Juni 2025.xlsx,WS-1,EMI01,DNIcosZ,legacy,150,2025-06-02 11:03:02.168,2025-06-29 14:47:10.655
historical_xlsx,GHI WS-1 PLTS IKN Juni 2025.xlsx,2823627,67e4f4a7bfad87f7061b939d59d4d49ddfc4564baca101c1081c6df39aee88f7,,,,,2025/WS-1/Juni/GHI WS-1 PLTS IKN Juni 2025.xlsx,WS-1,EMI01,GHI,legacy,100263,2025-06-01 06:31:31.274,2025-06-30 18:01:46.499
historical_xlsx,DHI WS-1 PLTS IKN November 2025.xlsx,2176733,0a8559f1dda999a7b3961e179e1c28c47b04735f05a59739af05b3202c97f69b,,,,,2025/WS-1/November/DHI WS-1 PLTS IKN November 2025.xlsx,WS-1,EMI01,DHI,legacy,73288,2025-11-01 05:58:05.354,2025-11-30 18:04:16.012
historical_xlsx,DNI cosZ WS-1 PLTS IKN November 2025.xlsx,1213476,562c4c26973f19050eb859bc8c8bee47ed7b973c6e13f9ec9afd146a046f2346,,,,,2025/WS-1/November/DNI cosZ WS-1 PLTS IKN November 2025.xlsx,WS-1,EMI01,DNIcosZ,legacy,34026,2025-11-01 11:52:49.931,2025-11-30 18:04:16.012
historical_xlsx,GHI WS-1 PLTS IKN November 2025.xlsx,2220177,b5d77ac0f600fe281bec1e16441a20909def4840b5a8b932042733cced275f25,,,,,2025/WS-1/November/GHI WS-1 PLTS IKN November 2025.xlsx,WS-1,EMI01,GHI,legacy,74777,2025-11-01 05:57:55.402,2025-11-30 18:04:16.012
historical_xlsx,DHI WS-1 PLTS IKN Oktober 2025.xlsx,2959949,4dcb1b89f1d7232c7ff3911d81b8fdc0c90d8f3fc51cd933a8e2588c6b67f67f,,,,,2025/WS-1/Oktober/DHI WS-1 PLTS IKN Oktober 2025.xlsx,WS-1,EMI01,DHI,legacy,105937,2025-10-01 06:06:09.428,2025-10-31 18:10:36.772
historical_xlsx,DNI cosZ WS-1 PLTS IKN Oktober 2025.xlsx,1438311,578e1eda3a615316de39e92234aa62f08f1bb3ddc71c741faf7da41019593935,,,,,2025/WS-1/Oktober/DNI cosZ WS-1 PLTS IKN Oktober 2025.xlsx,WS-1,EMI01,DNIcosZ,legacy,43894,2025-10-01 09:40:19.377,2025-10-31 18:10:36.772
historical_xlsx,GHI WS-1 PLTS IKN Oktober 2025.xlsx,3085089,8842cf6277181b37d093c64f704e125a33e18fa6a2afeee5faaf0e77fa70afcc,,,,,2025/WS-1/Oktober/GHI WS-1 PLTS IKN Oktober 2025.xlsx,WS-1,EMI01,GHI,legacy,110766,2025-10-01 06:05:42.871,2025-10-31 18:10:36.772
historical_xlsx,DHI WS-1 PLTS IKN September 2025.xlsx,2968077,9406f97b866bbf84324d8582a20d44edba3043d11bc0a396748e3304d94cda6d,,,,,2025/WS-1/September/DHI WS-1 PLTS IKN September 2025.xlsx,WS-1,EMI01,DHI,legacy,106233,2025-09-01 06:21:48.454,2025-09-30 17:58:07.236
historical_xlsx,DNI cosZ WS-1 PLTS IKN September 2025.xlsx,640851,ca1065a96c8f305a55da935e4ede35d2701b73b7d5d958b8a47a942a1948107a,,,,,2025/WS-1/September/DNI cosZ WS-1 PLTS IKN September 2025.xlsx,WS-1,EMI01,DNIcosZ,legacy,8392,2025-09-01 11:23:05.103,2025-09-30 12:22:45.300
historical_xlsx,GHI WS-1 PLTS IKN September 2025.xlsx,3011961,e48bba4863570e7710f380face58ca935c709bb7e46fd5bfb8c0b276fde77e23,,,,,2025/WS-1/September/GHI WS-1 PLTS IKN September 2025.xlsx,WS-1,EMI01,GHI,legacy,107932,2025-09-01 06:21:02.203,2025-09-30 17:58:13.891
historical_xlsx,DHI WS-2 PLTS IKN Agustus 2025.xlsx,1489095,e8dbd7b9c65ec549e722eb4154b4241f43403767ed7c6b6862e3220af1cbf64d,,,,,2025/WS-2/Agustus/DHI WS-2 PLTS IKN Agustus 2025.xlsx,WS-2,EMI02,DHI,legacy,43961,2025-08-01 06:24:48.344,2025-08-31 18:07:59.076
historical_xlsx,DNI cosZ WS-2 PLTS IKN Agustus 2025.xlsx,578688,598ffab669c7b48e3ae18dcf4b21d6385c6510f805b6e7192adfd4fd014c0074,,,,,2025/WS-2/Agustus/DNI cosZ WS-2 PLTS IKN Agustus 2025.xlsx,WS-2,EMI02,DNIcosZ,legacy,5164,2025-08-01 10:51:53.221,2025-08-30 15:40:13.184
historical_xlsx,GHI WS-2 PLTS IKN Agustus 2025.xlsx,1516111,f4e757cb3e05d350e5fbf3bfc2af81edd83f309449574183be54a8cc868fc0b2,,,,,2025/WS-2/Agustus/GHI WS-2 PLTS IKN Agustus 2025.xlsx,WS-2,EMI02,GHI,legacy,44939,2025-08-01 06:24:48.343,2025-08-31 18:07:42.607
historical_xlsx,DHI_PLTS-IKN_WS-2_2025-Dec.xlsx,1151177,e1aceaed883e0bee36ef1232794f5f15ab7403598965195e9985d5be9f88f627,,,,,2025/WS-2/Desember/DHI_PLTS-IKN_WS-2_2025-Dec.xlsx,WS-2,EMI02,DHI,standardized,41846,2025-12-01 06:07:42.407,2025-12-31 18:11:53.177
historical_xlsx,DNIcosZ_PLTS-IKN_WS-2_2025-Dec.xlsx,610167,21dbaf70f647ce72902ce02dd3d08c0a9d45a5cbecfe5dc7d9b6f5a692fe5e70,,,,,2025/WS-2/Desember/DNIcosZ_PLTS-IKN_WS-2_2025-Dec.xlsx,WS-2,EMI02,DNIcosZ,standardized,13171,2025-12-01 10:34:57.775,2025-12-31 12:49:34.447
historical_xlsx,GHI_PLTS-IKN_WS-2_2025-Dec.xlsx,1213712,fbf6d8263415b6e135790ad2935a25d596fadd43d2c4d710db2ac11761990dd9,,,,,2025/WS-2/Desember/GHI_PLTS-IKN_WS-2_2025-Dec.xlsx,WS-2,EMI02,GHI,standardized,44904,2025-12-01 06:07:52.316,2025-12-31 18:12:09.705
historical_xlsx,DHI WS-2 PLTS IKN.xlsx,10776069,f38284b54809732fce752414530e071f370f8a3e8b02cb656eb1e17784198406,,,,,2025/WS-2/Januari - Juni/DHI WS-2 PLTS IKN.xlsx,WS-2,EMI02,DHI,legacy,268774,2025-01-12 21:08:38.799,2025-07-17 13:34:25.211
historical_xlsx,DNI cosZ WS-2 PLTS IKN.xlsx,4544977,9fc7d9e10122635c698c13cccd66199e1039004c1e723997b4e4aa58532b804b,,,,,2025/WS-2/Januari - Juni/DNI cosZ WS-2 PLTS IKN.xlsx,WS-2,EMI02,DNIcosZ,legacy,78334,2025-01-12 21:08:38.799,2025-07-16 12:12:30.470
historical_xlsx,GHI WS-2 PLTS IKN.xlsx,11394136,d06c71e00fae6c9b2a2b2c2e29b0b25297e46f0eacbb3b6971e4313d81c3c08d,,,,,2025/WS-2/Januari - Juni/GHI WS-2 PLTS IKN.xlsx,WS-2,EMI02,GHI,legacy,287009,2025-01-12 21:08:38.799,2025-07-17 15:59:28.535
historical_xlsx,DHI WS-2 PLTS IKN Juli 2025.xlsx,1589925,69b1a7f070c0fcdbfd542cad898858b216308282f6f4f957da7d2fa4b91a061d,,,,,2025/WS-2/Juli/DHI WS-2 PLTS IKN Juli 2025.xlsx,WS-2,EMI02,DHI,legacy,48206,2025-07-01 06:25:49.086,2025-07-31 18:13:29.404
historical_xlsx,DNI cosZ WS-2 PLTS IKN Juli 2025.xlsx,606240,afc0d6fe7bcfff882078a4d2ec47a66ef985e223d9cd33a2de2ecb32e8ff265f,,,,,2025/WS-2/Juli/DNI cosZ WS-2 PLTS IKN Juli 2025.xlsx,WS-2,EMI02,DNIcosZ,legacy,6280,2025-07-01 09:55:58.116,2025-07-31 12:26:32.936
historical_xlsx,GHI WS-2 PLTS IKN Juli 2025.xlsx,1604548,69d38a7f73191c4cc06dc69e0f192a37756b025e024332f74c36a2301c581ae1,,,,,2025/WS-2/Juli/GHI WS-2 PLTS IKN Juli 2025.xlsx,WS-2,EMI02,GHI,legacy,48679,2025-07-01 06:25:49.086,2025-07-31 18:13:32.711
historical_xlsx,DHI WS-2 PLTS IKN November 2025.xlsx,1463198,f847d15cb28a5034791bd40acc211c05bb15de649fc9fae69b7edad239795f1a,,,,,2025/WS-2/November/DHI WS-2 PLTS IKN November 2025.xlsx,WS-2,EMI02,DHI,legacy,43086,2025-11-01 05:56:41.510,2025-11-30 17:55:22.774
historical_xlsx,DNI cosZ WS-2 PLTS IKN November 2025.xlsx,791251,edd3b886b0b5ff020ab78739efb842aa80dd06513d1f8aaf1d69ddf6f1288de8,,,,,2025/WS-2/November/DNI cosZ WS-2 PLTS IKN November 2025.xlsx,WS-2,EMI02,DNIcosZ,legacy,14301,2025-11-01 11:18:48.473,2025-11-30 16:49:42.139
historical_xlsx,GHI WS-2 PLTS IKN November 2025.xlsx,1538989,ca35da5a36728b934ded71d8a88420ee5092e8bc88c45cb21c904a976981cf17,,,,,2025/WS-2/November/GHI WS-2 PLTS IKN November 2025.xlsx,WS-2,EMI02,GHI,legacy,46215,2025-11-01 05:56:24.998,2025-11-30 17:55:22.774
historical_xlsx,DHI WS-2 PLTS IKN Oktober 2025.xlsx,1496221,8504058213474d9df854c50fa6d84849ab6c54fcd2eccf2079d977030b3b1732,,,,,2025/WS-2/Oktober/DHI WS-2 PLTS IKN Oktober 2025.xlsx,WS-2,EMI02,DHI,legacy,44234,2025-10-01 06:04:48.428,2025-10-31 18:10:38.584
historical_xlsx,DNI cosZ WS-2 PLTS IKN Oktober 2025.xlsx,683696,b3bee456258222f17228ed8609f321be0137be37cd93fe9cd880149109c29bb4,,,,,2025/WS-2/Oktober/DNI cosZ WS-2 PLTS IKN Oktober 2025.xlsx,WS-2,EMI02,DNIcosZ,legacy,9556,2025-10-01 09:59:46.530,2025-10-31 18:10:38.584
historical_xlsx,GHI WS-2 PLTS IKN Oktober 2025.xlsx,1539850,f804a69440b8f993f7e6241b249da91d5791759b930b1a3d5ecb28e66f410ca8,,,,,2025/WS-2/Oktober/GHI WS-2 PLTS IKN Oktober 2025.xlsx,WS-2,EMI02,GHI,legacy,45951,2025-10-01 06:05:04.909,2025-10-31 18:10:38.584
historical_xlsx,DHI WS-2 PLTS IKN September 2025.xlsx,1464697,ee4956a0bf30ae9f419956f2e206addd85fd2461d34299359135f5aceb0cdb01,,,,,2025/WS-2/September/DHI WS-2 PLTS IKN September 2025.xlsx,WS-2,EMI02,DHI,legacy,43306,2025-09-01 06:20:27.468,2025-09-30 17:59:15.395
historical_xlsx,DNI cosZ WS-2 PLTS IKN September 2025.xlsx,745070,dc7602d04bf0553cb25111bad2eca30b2fd2bc11f0fd14dab6b598662c6365ac,,,,,2025/WS-2/September/DNI cosZ WS-2 PLTS IKN September 2025.xlsx,WS-2,EMI02,DNIcosZ,legacy,12508,2025-09-01 07:11:55.461,2025-09-30 17:13:25.643
historical_xlsx,GHI WS-2 PLTS IKN September 2025.xlsx,1524204,3bcd281d10861733926a2027861cf053bf6a6f8c22cc5317a85ac62f724184d5,,,,,2025/WS-2/September/GHI WS-2 PLTS IKN September 2025.xlsx,WS-2,EMI02,GHI,legacy,45660,2025-09-01 06:20:47.219,2025-09-30 17:58:58.882
historical_xlsx,DHI WS-3 PLTS IKN Agustus 2025.xlsx,1485477,a9db33d250ec7ce263f29f62c25d8093082bf987cb83adad025c97e8d642d4df,,,,,2025/WS-3/Agustus/DHI WS-3 PLTS IKN Agustus 2025.xlsx,WS-3,EMI03,DHI,legacy,43662,2025-08-01 06:24:41.398,2025-08-31 18:08:06.389
historical_xlsx,DNI cosZ WS-3 PLTS IKN Agustus 2025.xlsx,513931,7b82d68e932d63e60b268166bfeb674ae9d44c618813f1128314903520c79da4,,,,,2025/WS-3/Agustus/DNI cosZ WS-3 PLTS IKN Agustus 2025.xlsx,WS-3,EMI03,DNIcosZ,legacy,2533,2025-08-01 10:44:04.576,2025-08-30 15:40:15.638
historical_xlsx,GHI WS-3 PLTS IKN Agustus 2025.xlsx,1470340,6ab3f3c792aa5c06a5bef7d378918c101c9e647bcd0ec86f6e53ba820450cc3c,,,,,2025/WS-3/Agustus/GHI WS-3 PLTS IKN Agustus 2025.xlsx,WS-3,EMI03,GHI,legacy,42994,2025-08-01 06:25:14.394,2025-08-31 18:08:42.717
historical_xlsx,DHI_PLTS-IKN_WS-3_2025-Dec.xlsx,1204968,88bec17008c6dfb696d1427733def80bef58d86a92a7c0f8539d5d7be2866ba0,,,,,2025/WS-3/Desember/DHI_PLTS-IKN_WS-3_2025-Dec.xlsx,WS-3,EMI03,DHI,standardized,44430,2025-12-01 06:07:49.564,2025-12-31 18:11:54.504
historical_xlsx,DNIcosZ_PLTS-IKN_WS-3_2025-Dec.xlsx,376098,1ea954f19ff9958f7af0330d9d15ae3388a9204771e1641ee6599e320609a0b8,,,,,2025/WS-3/Desember/DNIcosZ_PLTS-IKN_WS-3_2025-Dec.xlsx,WS-3,EMI03,DNIcosZ,standardized,148,2025-12-05 12:46:47.936,2025-12-05 13:57:01.189
historical_xlsx,GHI_PLTS-IKN_WS-3_2025-Dec.xlsx,1188659,e3955e9b9f6682e9be5aae7f2d4c0c5fad60474924203b358a3299270561fa3c,,,,,2025/WS-3/Desember/GHI_PLTS-IKN_WS-3_2025-Dec.xlsx,WS-3,EMI03,GHI,standardized,43571,2025-12-01 06:08:45.627,2025-12-31 18:12:07.736
historical_xlsx,DHI WS-3 PLTS IKN.xlsx,10268479,8a42fae35fc45e561359708b902d864c1d0caeebe5050fed0795ba4bd284f5f1,,,,,2025/WS-3/Januari - Juni/DHI WS-3 PLTS IKN.xlsx,WS-3,EMI03,DHI,legacy,268774,2025-01-12 21:08:38.799,2025-07-17 13:34:25.211
historical_xlsx,DNI cosZ WS-3 PLTS IKN.xlsx,3420342,b751e69ab55e81a22d4fa2723e3895739fb08471fe3a79c9957c25f1ab95f756,,,,,2025/WS-3/Januari - Juni/DNI cosZ WS-3 PLTS IKN.xlsx,WS-3,EMI03,DNIcosZ,legacy,41609,2025-01-15 08:18:47.689,2025-07-20 15:15:54.327
historical_xlsx,GHI WS-3 PLTS IKN.xlsx,5604919,e460f2036cb023c8df4db6f7508062c480a3fe3d60e92c35ac599d8c5d59f4d6,,,,,2025/WS-3/Januari - Juni/GHI WS-3 PLTS IKN.xlsx,WS-3,EMI03,GHI,legacy,110541,2025-01-12 21:08:23.720,2025-07-20 16:12:27.577
historical_xlsx,DHI WS-3 PLTS IKN Juli 2025.xlsx,758639,4d58b483bf13a11f1e1e2b34fe611b7c5897159b915875629bd33a2122f04710,,,,,2025/WS-3/Juli/DHI WS-3 PLTS IKN Juli 2025.xlsx,WS-3,EMI03,DHI,legacy,12773,2025-07-24 08:53:41.207,2025-07-31 18:13:38.966
historical_xlsx,DNI cosZ WS-3 PLTS IKN Juli 2025.xlsx,617889,1c7681282bbb289568059431775e76de99bb23ca460c16238962c2f5dc75943d,,,,,2025/WS-3/Juli/DNI cosZ WS-3 PLTS IKN Juli 2025.xlsx,WS-3,EMI03,DNIcosZ,legacy,6772,2025-07-01 11:04:27.914,2025-07-31 16:58:06.240
historical_xlsx,GHI WS-3 PLTS IKN Juli 2025.xlsx,1532696,cfe540bc2641396c8ad063a5890dab8eff7c62da2c3bd2aef2871de2a1cf62c3,,,,,2025/WS-3/Juli/GHI WS-3 PLTS IKN Juli 2025.xlsx,WS-3,EMI03,GHI,legacy,45566,2025-07-01 06:25:58.663,2025-07-31 18:13:38.966
historical_xlsx,DHI WS-3 PLTS IKN November 2025.xlsx,1477800,5d5430b3c1cb55ada73b7cbd90528a5398e0f9303e60dbf65125e572380542ee,,,,,2025/WS-3/November/DHI WS-3 PLTS IKN November 2025.xlsx,WS-3,EMI03,DHI,legacy,43525,2025-11-01 05:57:09.755,2025-11-30 17:55:50.337
historical_xlsx,DNI cosZ WS-3 PLTS IKN November 2025.xlsx,459099,74c25a5fbf57743eb18989c8e600ca4c303d55da47f59989b3c34c6c0756c3d5,,,,,2025/WS-3/November/DNI cosZ WS-3 PLTS IKN November 2025.xlsx,WS-3,EMI03,DNIcosZ,legacy,449,2025-11-04 07:25:38.317,2025-11-29 13:03:22.549
historical_xlsx,GHI WS-3 PLTS IKN November 2025.xlsx,1469546,a3fae8f8a694206769179f31da810601ca69d4f7f4f550e0bb3bf0edc88e7f6f,,,,,2025/WS-3/November/GHI WS-3 PLTS IKN November 2025.xlsx,WS-3,EMI03,GHI,legacy,43090,2025-11-01 05:57:46.076,2025-11-30 17:54:24.492
historical_xlsx,DHI WS-3 PLTS IKN Oktober 2025.xlsx,1502773,5d2027974aaff05983d0dafe665822d8b93f8ef74f30a6d80698d771565e547b,,,,,2025/WS-3/Oktober/DHI WS-3 PLTS IKN Oktober 2025.xlsx,WS-3,EMI03,DHI,legacy,44350,2025-10-01 06:04:52.052,2025-10-31 17:54:22.208
historical_xlsx,DNI cosZ WS-3 PLTS IKN Oktober 2025.xlsx,480125,566d39f7b767608aed17217dc191b01223703832bedf6be3d64959215ef84d4c,,,,,2025/WS-3/Oktober/DNI cosZ WS-3 PLTS IKN Oktober 2025.xlsx,WS-3,EMI03,DNIcosZ,legacy,1159,2025-10-04 07:34:17.076,2025-10-31 08:55:14.361
historical_xlsx,GHI WS-3 PLTS IKN Oktober 2025.xlsx,1490492,4373a0a4f5ce965f7a1d47a76445342e8cf890833c9ed1cce8bde8bceaa60031,,,,,2025/WS-3/Oktober/GHI WS-3 PLTS IKN Oktober 2025.xlsx,WS-3,EMI03,GHI,legacy,43760,2025-10-01 06:06:44.140,2025-10-31 17:54:22.208
historical_xlsx,DHI WS-3 PLTS IKN September 2025.xlsx,1509696,3cb767697a0551660fc535eddb231f7e86ccdf12696803bb3a27f43db93cf478,,,,,2025/WS-3/September/DHI WS-3 PLTS IKN September 2025.xlsx,WS-3,EMI03,DHI,legacy,45080,2025-09-01 06:20:05.687,2025-09-30 17:59:29.158
historical_xlsx,DNI cosZ WS-3 PLTS IKN September 2025.xlsx,460061,db2fbd6754ef0ea974c53f02882bdf5d4f3decdb53f1a53a60431c9376249e6b,,,,,2025/WS-3/September/DNI cosZ WS-3 PLTS IKN September 2025.xlsx,WS-3,EMI03,DNIcosZ,legacy,575,2025-09-01 16:10:30.652,2025-09-28 17:40:39.221
historical_xlsx,GHI WS-3 PLTS IKN September 2025.xlsx,1499328,ddfa66ea3574fd9a615a3dd600aba2e1629603a93716f715117224de7f97a5cf,,,,,2025/WS-3/September/GHI WS-3 PLTS IKN September 2025.xlsx,WS-3,EMI03,GHI,legacy,44546,2025-09-01 06:20:05.687,2025-09-30 17:59:12.645
historical_xlsx,DHI WS-4 PLTS IKN Agustus 2025.xlsx,1519692,8bb4f367d460a37ddaf82b6183380f9989a69518faa90af294328d67c2c602f2,,,,,2025/WS-4/Agustus/DHI WS-4 PLTS IKN Agustus 2025.xlsx,WS-4,EMI04,DHI,legacy,45233,2025-08-01 06:25:11.567,2025-08-31 18:08:03.936
historical_xlsx,DNI cosZ WS-4 PLTS IKN Agustus 2025.xlsx,487646,15f5c760cd8317b52b444a4b634757f279b336457e817b480328fe9cb0eef004,,,,,2025/WS-4/Agustus/DNI cosZ WS-4 PLTS IKN Agustus 2025.xlsx,WS-4,EMI04,DNIcosZ,legacy,1375,2025-08-01 10:48:10.944,2025-08-30 15:40:14.841
historical_xlsx,GHI WS-4 PLTS IKN Agustus 2025.xlsx,1526449,9e2004ef575ed9a6067d3d5c1083660fe541a8064f3a20ede9db279fe4e4bce0,,,,,2025/WS-4/Agustus/GHI WS-4 PLTS IKN Agustus 2025.xlsx,WS-4,EMI04,GHI,legacy,45402,2025-08-01 06:25:11.567,2025-08-31 18:08:03.936
historical_xlsx,DHI_PLTS-IKN_WS-4_2025-Dec.xlsx,1237042,e1202d2c77276d0e98dbece5c77a81fd5193b39dd2bf189c691eeabd7053715d,,,,,2025/WS-4/Desember/DHI_PLTS-IKN_WS-4_2025-Dec.xlsx,WS-4,EMI04,DHI,standardized,46298,2025-12-01 06:08:22.205,2025-12-31 18:12:00.144
historical_xlsx,DNIcosZ_PLTS-IKN_WS-4_2025-Dec.xlsx,397025,3beaf5ae8aa298ac2149a83ae6a2f275689b885175540c12fc26d328869cb42d,,,,,2025/WS-4/Desember/DNIcosZ_PLTS-IKN_WS-4_2025-Dec.xlsx,WS-4,EMI04,DNIcosZ,standardized,1207,2025-12-01 06:49:39.664,2025-12-31 12:48:06.589
historical_xlsx,GHI_PLTS-IKN_WS-4_2025-Dec.xlsx,1249778,6cedeb51fe323ca9a462c5b8ef47f10d5a15d54596f60d044d8a0834a14e1ed2,,,,,2025/WS-4/Desember/GHI_PLTS-IKN_WS-4_2025-Dec.xlsx,WS-4,EMI04,GHI,standardized,46912,2025-12-01 06:07:49.204,2025-12-31 18:12:00.144
historical_xlsx,DHI WS-4 PLTS IKN.xlsx,11149246,38d696c50eae8e0da15a6bbcbc4d9cb351901b6a752c6c0887cc5968db0a490b,,,,,2025/WS-4/Januari - Juni/DHI WS-4 PLTS IKN.xlsx,WS-4,EMI04,DHI,legacy,280402,2025-01-15 08:00:12.854,2025-07-22 18:13:05.073
historical_xlsx,DNI cosZ WS-4 PLTS IKN.xlsx,4704588,cca0f1ebece120ad26467e55885c47c20adb21899dfff43a1d3da46878904354,,,,,2025/WS-4/Januari - Juni/DNI cosZ WS-4 PLTS IKN.xlsx,WS-4,EMI04,DNIcosZ,legacy,83197,2025-01-12 20:26:22.451,2025-07-22 12:00:51.085
historical_xlsx,GHI WS-4 PLTS IKN.xlsx,11966324,2b3b96d0b751899c834c4b4d75dab7deeb5af03c7b7437469a72514c96f1227d,,,,,2025/WS-4/Januari - Juni/GHI WS-4 PLTS IKN.xlsx,WS-4,EMI04,GHI,legacy,304676,2025-01-12 20:26:22.451,2025-07-22 18:13:05.073
historical_xlsx,DHI WS-4 PLTS IKN Juli 2025.xlsx,1595808,335e555b92d0fc669d614d90fffc0bc13391b8b805b76741bf51079a9ca771c0,,,,,2025/WS-4/Juli/DHI WS-4 PLTS IKN Juli 2025.xlsx,WS-4,EMI04,DHI,legacy,48447,2025-07-01 06:25:38.354,2025-07-31 18:13:33.103
historical_xlsx,DNI cosZ WS-4 PLTS IKN Juli 2025.xlsx,589794,d4394f34c5e1e7ce0a5f2c751d68a45ed8e39006b5d285ef9c69e8aa3b047dad,,,,,2025/WS-4/Juli/DNI cosZ WS-4 PLTS IKN Juli 2025.xlsx,WS-4,EMI04,DNIcosZ,legacy,5589,2025-07-01 10:31:34.045,2025-07-31 12:02:24.467
historical_xlsx,GHI WS-4 PLTS IKN Juli 2025.xlsx,1618997,99a485af64a700305b557a4086754bf8f84c30e409a3615963e5f6044555f179,,,,,2025/WS-4/Juli/GHI WS-4 PLTS IKN Juli 2025.xlsx,WS-4,EMI04,GHI,legacy,49255,2025-07-01 06:25:54.820,2025-07-31 18:13:16.574
historical_xlsx,DHI WS-4 PLTS IKN November 2025.xlsx,1520550,304ec0877ced39cbf7a49e4623e443d51adfd61f2414a802d98104da0ac35b2b,,,,,2025/WS-4/November/DHI WS-4 PLTS IKN November 2025.xlsx,WS-4,EMI04,DHI,legacy,45500,2025-11-01 05:57:45.842,2025-11-30 18:04:16.027
historical_xlsx,DNI cosZ WS-4 PLTS IKN November 2025.xlsx,519976,748d6bcba3a81f446187c982533f74d71694b6d8750e542c6487a3a864749fad,,,,,2025/WS-4/November/DNI cosZ WS-4 PLTS IKN November 2025.xlsx,WS-4,EMI04,DNIcosZ,legacy,2891,2025-11-01 06:29:37.566,2025-11-30 18:04:16.027
historical_xlsx,GHI WS-4 PLTS IKN November 2025.xlsx,1564858,64020b2d6bb2322d1252986bb7ac055f10634095d5ce70f18eefb73efd2b3e1a,,,,,2025/WS-4/November/GHI WS-4 PLTS IKN November 2025.xlsx,WS-4,EMI04,GHI,legacy,47364,2025-11-01 05:57:12.817,2025-11-30 18:04:16.027
historical_xlsx,DHI WS-4 PLTS IKN Oktober 2025.xlsx,1550946,16eb06ed675aa336d7febd874d5bd015edc8e34347c9cfdb57481eac2a00feb8,,,,,2025/WS-4/Oktober/DHI WS-4 PLTS IKN Oktober 2025.xlsx,WS-4,EMI04,DHI,legacy,46532,2025-10-01 06:05:08.393,2025-10-31 18:10:36.428
historical_xlsx,DNI cosZ WS-4 PLTS IKN Oktober 2025.xlsx,478068,a8881de0da4ddf2009dd7bb20f8a13b1e0f15894c4fadd4f802285061afd664f,,,,,2025/WS-4/Oktober/DNI cosZ WS-4 PLTS IKN Oktober 2025.xlsx,WS-4,EMI04,DNIcosZ,legacy,950,2025-10-01 09:59:52.776,2025-10-31 18:10:36.428
historical_xlsx,GHI WS-4 PLTS IKN Oktober 2025.xlsx,1554106,f4860535911cbce054a7f2bc8f41570c9ff9b23e0aed10034229c2f6a898e674,,,,,2025/WS-4/Oktober/GHI WS-4 PLTS IKN Oktober 2025.xlsx,WS-4,EMI04,GHI,legacy,46618,2025-10-01 06:05:41.309,2025-10-31 18:10:36.428
historical_xlsx,DHI WS-4 PLTS IKN September 2025.xlsx,1532776,a5e2fd66343d4fb86574ff08d41724cd43e5b5780a17c32d898e49cc769cfa9e,,,,,2025/WS-4/September/DHI WS-4 PLTS IKN September 2025.xlsx,WS-4,EMI04,DHI,legacy,46042,2025-09-01 06:20:35.141,2025-09-30 17:59:08.552
historical_xlsx,DNI cosZ WS-4 PLTS IKN September 2025.xlsx,454552,6ee91b49b076eaf7c4a09c9a6919cfbdcf365948a28cc4d1fb88f9c1cff189ea,,,,,2025/WS-4/September/DNI cosZ WS-4 PLTS IKN September 2025.xlsx,WS-4,EMI04,DNIcosZ,legacy,280,2025-09-01 13:23:45.461,2025-09-30 12:22:48.846
historical_xlsx,GHI WS-4 PLTS IKN September 2025.xlsx,1532827,438a03f1f3af77d6ec940b65eb7fdd0914fd4d8b2c84a51a05c421ff8f81da48,,,,,2025/WS-4/September/GHI WS-4 PLTS IKN September 2025.xlsx,WS-4,EMI04,GHI,legacy,46035,2025-09-01 06:20:35.141,2025-09-30 17:59:08.552
historical_xlsx,DHI_PLTS-IKN_WS-1_2026-Apr.xlsx,1450496,eb45e8ea6f01764e31e6a94b3fa0e658cbf65f2b6d582ff4b09cd9a8c36a793f,,,,,2026/WS-1/April/DHI_PLTS-IKN_WS-1_2026-Apr.xlsx,WS-1,EMI01,DHI,standardized,54105,2026-04-01 06:14:06.600,2026-04-30 17:06:51.381
historical_xlsx,DNIcosZ_PLTS-IKN_WS-1_2026-Apr.xlsx,431452,755043e90f6abf8c9c6f67c88e2aa538381d0cc73355dbda3b6cc1ab43124767,,,,,2026/WS-1/April/DNIcosZ_PLTS-IKN_WS-1_2026-Apr.xlsx,WS-1,EMI01,DNIcosZ,standardized,0,,
historical_xlsx,GHI_PLTS-IKN_WS-1_2026-Apr.xlsx,1809721,3395e6c57f690416e7c93e4cea5b4ad03d63cc1d69f6830a5133c5394d79360f,,,,,2026/WS-1/April/GHI_PLTS-IKN_WS-1_2026-Apr.xlsx,WS-1,EMI01,GHI,standardized,55608,2026-04-01 06:14:06.600,2026-04-30 17:06:51.381
historical_xlsx,DHI_PLTS-IKN_WS-1_2026-Feb.xlsx,1526612,dbd35b25a33929d8ba6f98f02f53b5f845de2aefd1871d5756ce447541c84ad8,,,,,2026/WS-1/Februari/DHI_PLTS-IKN_WS-1_2026-Feb.xlsx,WS-1,EMI01,DHI,standardized,57952,2026-02-01 06:33:33.803,2026-02-28 18:19:07.289
historical_xlsx,DNIcosZ_PLTS-IKN_WS-1_2026-Feb.xlsx,742473,67adebdac54e6b9a3615cf3521ae79d40b13dc01d19a4167c35bc02fb1162a5e,,,,,2026/WS-1/Februari/DNIcosZ_PLTS-IKN_WS-1_2026-Feb.xlsx,WS-1,EMI01,DNIcosZ,standardized,17672,2026-02-01 09:51:50.749,2026-02-26 17:54:23.805
historical_xlsx,GHI_PLTS-IKN_WS-1_2026-Feb.xlsx,1592263,3ceb6101fd54967c85ff0dfa464cbb0f6d30354926e835b4b16a02aad5524e9f,,,,,2026/WS-1/Februari/GHI_PLTS-IKN_WS-1_2026-Feb.xlsx,WS-1,EMI01,GHI,standardized,61005,2026-02-28 13:14:52.709,2026-02-28 13:14:42.757
historical_xlsx,DHI_PLTS-IKN_WS-1_2026-Jan.xlsx,1887364,532b9f2a81ae3a3e385616f53770c6a9d070cf1d26d23c6dbfd294379fe0a6a8,,,,,2026/WS-1/Januari/DHI_PLTS-IKN_WS-1_2026-Jan.xlsx,WS-1,EMI01,DHI,standardized,78821,2026-01-01 06:21:13.554,2026-01-31 18:23:02.349
historical_xlsx,DNIcosZ_PLTS-IKN_WS-1_2026-Jan.xlsx,1201240,a928c13adb83c308486f20528ccc3ecd4c589e649144eefb90256d0538006090,,,,,2026/WS-1/Januari/DNIcosZ_PLTS-IKN_WS-1_2026-Jan.xlsx,WS-1,EMI01,DNIcosZ,standardized,45782,2026-01-01 10:54:53.960,2026-01-31 16:17:42.129
historical_xlsx,GHI_PLTS-IKN_WS-1_2026-Jan.xlsx,1954380,16a4e78a0bb9be4f4acb42be2f25477da85a4e40d838f74e749257cf79e2e24f,,,,,2026/WS-1/Januari/GHI_PLTS-IKN_WS-1_2026-Jan.xlsx,WS-1,EMI01,GHI,standardized,81832,2026-01-01 06:20:17.128,2026-01-31 18:23:25.610
historical_xlsx,DHI_PLTS-IKN_WS-1_2026-Juni.xlsx,693200,011cdc2068550630979a3f3a742f689298170665f842750d710459a1e02cbe87,,,,,2026/WS-1/Juni/DHI_PLTS-IKN_WS-1_2026-Juni.xlsx,WS-1,EMI01,DHI,standardized,14342,2026-06-01 06:11:48.054,2026-06-30 14:38:24.472
historical_xlsx,DNIcosZ_PLTS-IKN_WS-1_2026-Juni.xlsx,436517,ecfc6b065df20085739927049168293c7ec5c27cf87f115ad09bd7fd247e8108,,,,,2026/WS-1/Juni/DNIcosZ_PLTS-IKN_WS-1_2026-Juni.xlsx,WS-1,EMI01,DNIcosZ,standardized,283,2026-06-01 07:24:17.852,2026-06-30 14:38:24.472
historical_xlsx,GHI_PLTS-IKN_WS-1_2026-Juni.xlsx,882217,77e0fb157ad69f76655f7968208f022ff0ab950cad1b8d1e4b9d25b1bab39259,,,,,2026/WS-1/Juni/GHI_PLTS-IKN_WS-1_2026-Juni.xlsx,WS-1,EMI01,GHI,standardized,24182,2026-06-01 07:24:17.852,2026-06-30 18:00:11.192
historical_xlsx,DHI_PLTS-IKN_WS-1_2026-Mar.xlsx,1712745,b77b15623abc73793e81f276a50d547a39a8220478c9e6c04996eeafaaf72784,,,,,2026/WS-1/Maret/DHI_PLTS-IKN_WS-1_2026-Mar.xlsx,WS-1,EMI01,DHI,standardized,66852,2026-03-28 15:18:14.756,2026-03-28 15:17:25.303
historical_xlsx,DNIcosZ_PLTS-IKN_WS-1_2026-Mar.xlsx,432486,b9ab1d25aac4887c41ea929cb00baf01f5ee456db7ea36517b8dab82557c95b4,,,,,2026/WS-1/Maret/DNIcosZ_PLTS-IKN_WS-1_2026-Mar.xlsx,WS-1,EMI01,DNIcosZ,standardized,10,2026-03-03 15:28:32.897,2026-03-18 22:54:31.756
historical_xlsx,GHI_PLTS-IKN_WS-1_2026-Mar.xlsx,2244951,b6f06fdb316f1c52d40b31fa45b0e1b6377aae52e18db22123b46b505ae14863,,,,,2026/WS-1/Maret/GHI_PLTS-IKN_WS-1_2026-Mar.xlsx,WS-1,EMI01,GHI,standardized,72845,2026-03-01 06:29:26.746,2026-03-31 18:04:29.522
historical_xlsx,DHI_PLTS-IKN_WS-1_2026-Mei.xlsx,1139017,6517d548d1fc0791df9f1584e0c05d91ba6a67acef8c0e8a8a965baaaec34ffc,,,,,2026/WS-1/Mei/DHI_PLTS-IKN_WS-1_2026-Mei.xlsx,WS-1,EMI01,DHI,standardized,38027,2026-05-01 06:22:51.803,2026-05-31 19:49:30.963
historical_xlsx,DNIcosZ_PLTS-IKN_WS-1_2026-Mei.xlsx,433745,66816898a56523784a166b1ab9c4e2bfb7a0b443c0a3fd5ef9179dfdd1fd76d7,,,,,2026/WS-1/Mei/DNIcosZ_PLTS-IKN_WS-1_2026-Mei.xlsx,WS-1,EMI01,DNIcosZ,standardized,81,2026-05-21 17:46:17.738,2026-05-31 19:49:30.963
historical_xlsx,GHI_PLTS-IKN_WS-1_2026-Mei.xlsx,994240,bd9c09288a652d181b59f1e55d0b558e77be195569a4a56353461ac5be361f16,,,,,2026/WS-1/Mei/GHI_PLTS-IKN_WS-1_2026-Mei.xlsx,WS-1,EMI01,GHI,standardized,28925,2026-05-01 06:22:58.397,2026-05-31 19:49:30.963
historical_xlsx,DHI_PLTS-IKN_WS-2_2026-Apr.xlsx,431451,74348cc9b07b075e6697321b9a305500c92d175b35585b7a827712375c8eb17f,,,,,2026/WS-2/April/DHI_PLTS-IKN_WS-2_2026-Apr.xlsx,WS-2,EMI02,DHI,standardized,0,,
historical_xlsx,DNIcosZ_PLTS-IKN_WS-2_2026-Apr.xlsx,431454,d23dea222530585fe6e12530c3b8bc29c36a13c12f508716b3ad530f0f8c0bd4,,,,,2026/WS-2/April/DNIcosZ_PLTS-IKN_WS-2_2026-Apr.xlsx,WS-2,EMI02,DNIcosZ,standardized,0,,
historical_xlsx,GHI_PLTS-IKN_WS-2_2026-Apr.xlsx,431461,183b5c0e609df7e288f2b926d76bcc9a9f1df2d4601e9826d2648b508ee40b56,,,,,2026/WS-2/April/GHI_PLTS-IKN_WS-2_2026-Apr.xlsx,WS-2,EMI02,GHI,standardized,0,,
historical_xlsx,DHI_PLTS-IKN_WS-2_2026-Jan.xlsx,1187239,83432cdd4658c7c897a218fe62ac5a35bcbb019092ff52b584040d59d88b5415,,,,,2026/WS-2/Januari/DHI_PLTS-IKN_WS-2_2026-Jan.xlsx,WS-2,EMI02,DHI,standardized,43658,2026-01-01 06:19:55.663,2026-01-31 18:23:57.197
historical_xlsx,DNIcosZ_PLTS-IKN_WS-2_2026-Jan.xlsx,596990,86a4bfeba34872470b9e71f2bbc6e7331dc56f4c596a64fefba859f21f4d6682,,,,,2026/WS-2/Januari/DNIcosZ_PLTS-IKN_WS-2_2026-Jan.xlsx,WS-2,EMI02,DNIcosZ,standardized,12504,2026-01-01 10:45:58.181,2026-01-21 15:07:57.293
historical_xlsx,GHI_PLTS-IKN_WS-2_2026-Jan.xlsx,1484021,155a730ee737b507d55a38e42f6952198a7782b1e2d719f7a399ff0d69d4e4bf,,,,,2026/WS-2/Januari/GHI_PLTS-IKN_WS-2_2026-Jan.xlsx,WS-2,EMI02,GHI,standardized,46475,2026-01-01 06:19:42.415,2026-01-31 18:23:57.197
historical_xlsx,DHI_PLTS-IKN_WS-2_2026-Juni.xlsx,1025566,ca4e4d0c1a6cb099afb48bd027ffcc0ccb34ef8fabd6919d0b87b02c6c286c81,,,,,2026/WS-2/Juni/DHI_PLTS-IKN_WS-2_2026-Juni.xlsx,WS-2,EMI02,DHI,standardized,31683,2026-06-01 07:24:18.087,2026-06-30 18:00:47.669
historical_xlsx,DNIcosZ_PLTS-IKN_WS-2_2026-Juni.xlsx,443726,0a5a08752121a715add537a44859a3ee2c40994c8e3c5d0c0cf2d24ada7f0fbe,,,,,2026/WS-2/Juni/DNIcosZ_PLTS-IKN_WS-2_2026-Juni.xlsx,WS-2,EMI02,DNIcosZ,standardized,714,2026-06-01 07:24:18.087,2026-06-30 14:38:25.113
historical_xlsx,GHI_PLTS-IKN_WS-2_2026-Juni.xlsx,1032411,6133f0f80764a7ad478b6302bed957fba9648d12fd3d3fe518c9bb6d4fa57887,,,,,2026/WS-2/Juni/GHI_PLTS-IKN_WS-2_2026-Juni.xlsx,WS-2,EMI02,GHI,standardized,32023,2026-06-01 07:24:18.087,2026-06-30 18:00:57.558
historical_xlsx,DHI_PLTS-IKN_WS-2_2026-Mar.xlsx,432348,c7c892400cf243ba891fa8a13b76ad53acd3b394149f6e5a08c8623a3a412a1a,,,,,2026/WS-2/Maret/DHI_PLTS-IKN_WS-2_2026-Mar.xlsx,WS-2,EMI02,DHI,standardized,2,2026-03-13 17:14:16.189,2026-03-18 22:54:53.131
historical_xlsx,DNIcosZ_PLTS-IKN_WS-2_2026-Mar.xlsx,432355,8d8c85be55ffdf70f268dad5a5d653aedc0c5827a04614557265e94e6633c71b,,,,,2026/WS-2/Maret/DNIcosZ_PLTS-IKN_WS-2_2026-Mar.xlsx,WS-2,EMI02,DNIcosZ,standardized,2,2026-03-13 17:14:16.189,2026-03-18 22:54:53.131
historical_xlsx,GHI_PLTS-IKN_WS-2_2026-Mar.xlsx,290648,3b3aa58ab607752bf856fa3a148b172cf7f7ce1104059ef71675ec838eea5fb1,,,,,2026/WS-2/Maret/GHI_PLTS-IKN_WS-2_2026-Mar.xlsx,WS-2,EMI02,GHI,standardized,2,2026-03-13 17:14:16.189,2026-03-18 22:54:53.131
historical_xlsx,DHI_PLTS-IKN_WS-2_2026-Mei.xlsx,433698,cddcce9b8372200aa0edc88f9ffd87d239dea1971f3a8176034c3f041d756c47,,,,,2026/WS-2/Mei/DHI_PLTS-IKN_WS-2_2026-Mei.xlsx,WS-2,EMI02,DHI,standardized,78,2026-05-21 17:46:26.883,2026-05-31 19:49:31.432
historical_xlsx,DNIcosZ_PLTS-IKN_WS-2_2026-Mei.xlsx,433693,1c3769bcf8190f03703fe5fa75f870a73e0ae6df886e05b13826b6da331d90c9,,,,,2026/WS-2/Mei/DNIcosZ_PLTS-IKN_WS-2_2026-Mei.xlsx,WS-2,EMI02,DNIcosZ,standardized,78,2026-05-21 17:46:26.883,2026-05-31 19:49:31.432
historical_xlsx,GHI_PLTS-IKN_WS-2_2026-Mei.xlsx,433704,9138c5311daf7e3519c3713099fb7a0470884f218d0075a3abeab4911abea22e,,,,,2026/WS-2/Mei/GHI_PLTS-IKN_WS-2_2026-Mei.xlsx,WS-2,EMI02,GHI,standardized,78,2026-05-21 17:46:26.883,2026-05-31 19:49:31.432
historical_xlsx,DHI_PLTS-IKN_WS-3_2026-Apr.xlsx,1288291,3e88f17d4f0fd1aa4fd88a4f22ce292ad9f01fddcf7780899c5740b9ea25825c,,,,,2026/WS-3/April/DHI_PLTS-IKN_WS-3_2026-Apr.xlsx,WS-3,EMI03,DHI,standardized,45478,2026-04-01 06:13:38.928,2026-04-30 17:08:40.787
historical_xlsx,DNIcosZ_PLTS-IKN_WS-3_2026-Apr.xlsx,432926,fc138dc63a51bae869661fdbf828d7df8cf42d4d25595d8144e91c5f2adfce00,,,,,2026/WS-3/April/DNIcosZ_PLTS-IKN_WS-3_2026-Apr.xlsx,WS-3,EMI03,DNIcosZ,standardized,74,2026-04-07 10:31:46.037,2026-04-12 16:39:12.006
historical_xlsx,GHI_PLTS-IKN_WS-3_2026-Apr.xlsx,1381876,cb35b1d69983348f1f66e18c34ad95dd6a79a48c5b489c831152f825c8518202,,,,,2026/WS-3/April/GHI_PLTS-IKN_WS-3_2026-Apr.xlsx,WS-3,EMI03,GHI,standardized,43633,2026-04-01 06:14:44.678,2026-04-30 17:02:27.756
historical_xlsx,DHI_PLTS-IKN_WS-3_2026-Feb.xlsx,1168057,8ece48a7385275156f03d2440b21376a299b05e55e0982cbfb783cb831c14195,,,,,2026/WS-3/Februari/DHI_PLTS-IKN_WS-3_2026-Feb.xlsx,WS-3,EMI03,DHI,standardized,39331,2026-02-01 06:33:02.090,2026-02-28 18:21:23.357
historical_xlsx,DNIcosZ_PLTS-IKN_WS-3_2026-Feb.xlsx,443253,22569809bf774b7131597e6b3726d82fe68d8117b8cbf2ca079d0ff7d921c2d7,,,,,2026/WS-3/Februari/DNIcosZ_PLTS-IKN_WS-3_2026-Feb.xlsx,WS-3,EMI03,DNIcosZ,standardized,818,2026-02-15 16:15:04.584,2026-02-23 10:10:51.022
historical_xlsx,GHI_PLTS-IKN_WS-3_2026-Feb.xlsx,1149212,c069d4b1c15ed105c5fb04ca6e71ae8f0014232d260ec99f1556ec5f7e0260e5,,,,,2026/WS-3/Februari/GHI_PLTS-IKN_WS-3_2026-Feb.xlsx,WS-3,EMI03,GHI,standardized,38320,2026-02-01 06:33:38.443,2026-02-28 18:20:47.067
historical_xlsx,DHI_PLTS-IKN_WS-3_2026-Jan.xlsx,1234617,3340c469d65d3484f3124497a16c266c971dc790c9d606deeaee8e1c4e5fceb4,,,,,2026/WS-3/Januari/DHI_PLTS-IKN_WS-3_2026-Jan.xlsx,WS-3,EMI03,DHI,standardized,45991,2026-01-01 06:20:06.755,2026-01-31 18:24:24.349
historical_xlsx,DNIcosZ_PLTS-IKN_WS-3_2026-Jan.xlsx,372697,45e183c0c8b4557e2c52b2d6fa40920da1182be3fcb6a3d80d32fe68f26175bc,,,,,2026/WS-3/Januari/DNIcosZ_PLTS-IKN_WS-3_2026-Jan.xlsx,WS-3,EMI03,DNIcosZ,standardized,0,,
historical_xlsx,GHI_PLTS-IKN_WS-3_2026-Jan.xlsx,1215537,b6c9f389b79545c62ce8e66a94f24d49c040ef53d0c014fd0c7466e8a6eb51bc,,,,,2026/WS-3/Januari/GHI_PLTS-IKN_WS-3_2026-Jan.xlsx,WS-3,EMI03,GHI,standardized,44966,2026-01-01 06:21:29.333,2026-01-31 18:23:34.796
historical_xlsx,DHI_PLTS-IKN_WS-3_2026-Juni.xlsx,1317268,17646ac88d79645029072fe800d807fffc16cd05f10f94671b7f2418b90a97b4,,,,,2026/WS-3/Juni/DHI_PLTS-IKN_WS-3_2026-Juni.xlsx,WS-3,EMI03,DHI,standardized,46968,2026-06-01 06:08:41.513,2026-06-30 18:01:33.817
historical_xlsx,DNIcosZ_PLTS-IKN_WS-3_2026-Juni.xlsx,437828,13db6a86ebc8b50e951509b90908bb5e883570eba0939ae964ae93b07834e721,,,,,2026/WS-3/Juni/DNIcosZ_PLTS-IKN_WS-3_2026-Juni.xlsx,WS-3,EMI03,DNIcosZ,standardized,403,2026-06-01 07:24:17.306,2026-06-30 14:38:23.957
historical_xlsx,GHI_PLTS-IKN_WS-3_2026-Juni.xlsx,1280078,f579d86b6bde58963388aaf777834fc0c224d8a3b0392c4211d2e4ac566755ae,,,,,2026/WS-3/Juni/GHI_PLTS-IKN_WS-3_2026-Juni.xlsx,WS-3,EMI03,GHI,standardized,45025,2026-06-01 06:11:10.093,2026-06-30 18:00:21.346
historical_xlsx,DHI_PLTS-IKN_WS-3_2026-Mar.xlsx,1302545,499922a1e92d2b2036ee6da0510dfdb8be7bf21b86de43501ea4ae5144b5f87c,,,,,2026/WS-3/Maret/DHI_PLTS-IKN_WS-3_2026-Mar.xlsx,WS-3,EMI03,DHI,standardized,46150,2026-03-01 06:29:12.671,2026-03-31 18:05:44.631
historical_xlsx,DNIcosZ_PLTS-IKN_WS-3_2026-Mar.xlsx,435444,ac6054067901d35b64379a65f6752f2916ac01fc89f5290490f4fa33a94b1d98,,,,,2026/WS-3/Maret/DNIcosZ_PLTS-IKN_WS-3_2026-Mar.xlsx,WS-3,EMI03,DNIcosZ,standardized,159,2026-03-04 11:47:57.812,2026-03-18 22:54:32.381
historical_xlsx,GHI_PLTS-IKN_WS-3_2026-Mar.xlsx,1413127,9d4f6ec78c1093bdbbcb6d0821ab272fbdda2c90f8589b2bf7f17bc4fef561dc,,,,,2026/WS-3/Maret/GHI_PLTS-IKN_WS-3_2026-Mar.xlsx,WS-3,EMI03,GHI,standardized,44721,2026-03-01 06:31:34.675,2026-03-31 18:05:44.631
historical_xlsx,DHI_PLTS-IKN_WS-3_2026-Mei.xlsx,1283067,436f84af7febc73890c4620074d82df251a369547f8b453c4a2e73ba89e96e18,,,,,2026/WS-3/Mei/DHI_PLTS-IKN_WS-3_2026-Mei.xlsx,WS-3,EMI03,DHI,standardized,45100,2026-05-01 06:22:16.272,2026-05-31 19:49:29.745
historical_xlsx,DNIcosZ_PLTS-IKN_WS-3_2026-Mei.xlsx,434508,c736958dd8f0b73fabb510e2f5241836db11a89b00710fc9006b4ba3c426378a,,,,,2026/WS-3/Mei/DNIcosZ_PLTS-IKN_WS-3_2026-Mei.xlsx,WS-3,EMI03,DNIcosZ,standardized,112,2026-05-02 15:07:18.939,2026-05-31 19:49:29.745
historical_xlsx,GHI_PLTS-IKN_WS-3_2026-Mei.xlsx,1373034,100ee55c5a11418887f4dba91498e68b29443ee266a3d50be08850ebf220dc47,,,,,2026/WS-3/Mei/GHI_PLTS-IKN_WS-3_2026-Mei.xlsx,WS-3,EMI03,GHI,standardized,43179,2026-05-01 06:23:32.163,2026-05-31 19:49:29.745
historical_xlsx,DHI_PLTS-IKN_WS-4_2026-Apr.xlsx,1364047,e957c86e653c4aa64c2e66b61e21f5d3dd100d66cb45a14d7080c6fc16516f5c,,,,,2026/WS-4/April/DHI_PLTS-IKN_WS-4_2026-Apr.xlsx,WS-4,EMI04,DHI,standardized,49593,2026-04-01 06:14:06.584,2026-04-30 17:06:11.490
historical_xlsx,DNIcosZ_PLTS-IKN_WS-4_2026-Apr.xlsx,501683,2baf9d6ea4cde0e535871f5030ead608de631868312c4254789dc57e86ac2931,,,,,2026/WS-4/April/DNIcosZ_PLTS-IKN_WS-4_2026-Apr.xlsx,WS-4,EMI04,DNIcosZ,standardized,3893,2026-04-01 10:18:22.740,2026-04-30 14:09:04.428
historical_xlsx,GHI_PLTS-IKN_WS-4_2026-Apr.xlsx,1739647,ba37c01eca96377e24502aa9b46f652d24056ff862570daf9ec2fb370413884f,,,,,2026/WS-4/April/GHI_PLTS-IKN_WS-4_2026-Apr.xlsx,WS-4,EMI04,GHI,standardized,52241,2026-04-01 06:14:06.584,2026-04-30 17:07:40.584
historical_xlsx,DHI_PLTS-IKN_WS-4_2026-Feb.xlsx,1183027,d975f5deb40839dd2db12753ab84107a017c92e5520de3592de35d661ce64f7d,,,,,2026/WS-4/Februari/DHI_PLTS-IKN_WS-4_2026-Feb.xlsx,WS-4,EMI04,DHI,standardized,40259,2026-02-01 06:33:26.914,2026-02-28 18:19:53.983
historical_xlsx,DNIcosZ_PLTS-IKN_WS-4_2026-Feb.xlsx,476955,b22a067de12e6c00e6f819449c15f0e0ad844cb4c9749449e5fa5e6f09de6a78,,,,,2026/WS-4/Februari/DNIcosZ_PLTS-IKN_WS-4_2026-Feb.xlsx,WS-4,EMI04,DNIcosZ,standardized,2640,2026-02-03 12:53:50.974,2026-02-28 13:47:19.118
historical_xlsx,GHI_PLTS-IKN_WS-4_2026-Feb.xlsx,1209881,abb14a9d87087ed293657b931f5bb64e0101c74261a201c66fabcca9cf473deb,,,,,2026/WS-4/Februari/GHI_PLTS-IKN_WS-4_2026-Feb.xlsx,WS-4,EMI04,GHI,standardized,41552,2026-02-01 06:32:53.889,2026-02-28 18:20:30.195
historical_xlsx,DHI_PLTS-IKN_WS-4_2026-Jan.xlsx,1261744,4e9d11b08af0297f1f3de8f3db0a6a4cd253402ab9bde2c387ad0323d3457c10,,,,,2026/WS-4/Januari/DHI_PLTS-IKN_WS-4_2026-Jan.xlsx,WS-4,EMI04,DHI,standardized,47437,2026-01-01 06:20:45.216,2026-01-31 18:23:47.293
historical_xlsx,DNIcosZ_PLTS-IKN_WS-4_2026-Jan.xlsx,380721,3ed21a51bb7ff34f45e224c57eedeafea202c9643e2ff38aabd01037af4b1146,,,,,2026/WS-4/Januari/DNIcosZ_PLTS-IKN_WS-4_2026-Jan.xlsx,WS-4,EMI04,DNIcosZ,standardized,396,2026-01-01 11:52:33.405,2026-01-29 13:54:17.306
historical_xlsx,GHI_PLTS-IKN_WS-4_2026-Jan.xlsx,1275164,e8e312a1a39773b16ec7895872dccbf4edf35db73cc8fe4d1398cb0905182d56,,,,,2026/WS-4/Januari/GHI_PLTS-IKN_WS-4_2026-Jan.xlsx,WS-4,EMI04,GHI,standardized,48061,2026-01-01 06:20:45.216,2026-01-31 18:24:07.086
historical_xlsx,DHI_PLTS-IKN_WS-4_2026-Juni.xlsx,1408919,94e99f814175ea51235b45e6d1b79bbd21f579ec2c8263f7541c5cbbb43405db,,,,,2026/WS-4/Juni/DHI_PLTS-IKN_WS-4_2026-Juni.xlsx,WS-4,EMI04,DHI,standardized,51722,2026-06-01 06:11:24.997,2026-06-30 17:58:41.647
historical_xlsx,DNIcosZ_PLTS-IKN_WS-4_2026-Juni.xlsx,535445,6b10d3dcb6cfc9f8b357a65f4b898c28a719cb14799db658469f7547de68d38b,,,,,2026/WS-4/Juni/DNIcosZ_PLTS-IKN_WS-4_2026-Juni.xlsx,WS-4,EMI04,DNIcosZ,standardized,5875,2026-06-01 10:55:48.226,2026-06-30 14:41:12.423
historical_xlsx,GHI_PLTS-IKN_WS-4_2026-Juni.xlsx,1448265,ce66809c4e678c98b484fc55b3c3f925bdf1630d5237f9df34c4ce18e3116140,,,,,2026/WS-4/Juni/GHI_PLTS-IKN_WS-4_2026-Juni.xlsx,WS-4,EMI04,GHI,standardized,53445,2026-06-01 06:10:55.315,2026-06-30 17:59:27.841
historical_xlsx,DHI_PLTS-IKN_WS-4_2026-Mar.xlsx,1408253,e097541d71969cb225bf44d0be56a2718f9600faefa4b8c6c925fe15e246783d,,,,,2026/WS-4/Maret/DHI_PLTS-IKN_WS-4_2026-Mar.xlsx,WS-4,EMI04,DHI,standardized,51691,2026-03-01 06:29:50.867,2026-03-31 17:40:27.897
historical_xlsx,DNIcosZ_PLTS-IKN_WS-4_2026-Mar.xlsx,607383,ba392c0310ac839913a0604c4ef92a65a551a6cf25d1790bbf58f1728369fcd6,,,,,2026/WS-4/Maret/DNIcosZ_PLTS-IKN_WS-4_2026-Mar.xlsx,WS-4,EMI04,DNIcosZ,standardized,9793,2026-03-01 07:02:51.949,2026-03-31 12:41:37.319
historical_xlsx,GHI_PLTS-IKN_WS-4_2026-Mar.xlsx,1815671,dc9fd16d13f270dd5646abbe66e7cddcdf50cd6a76b31e5d2d5bbd43ef2ae632,,,,,2026/WS-4/Maret/GHI_PLTS-IKN_WS-4_2026-Mar.xlsx,WS-4,EMI04,GHI,standardized,55164,2026-03-01 06:29:27.746,2026-03-31 18:03:18.444
historical_xlsx,DHI_PLTS-IKN_WS-4_2026-Mei.xlsx,1312382,1a03085c16ded6395418d88d8469438c9befc3508427d02a689681f40e3c98c3,,,,,2026/WS-4/Mei/DHI_PLTS-IKN_WS-4_2026-Mei.xlsx,WS-4,EMI04,DHI,standardized,47009,2026-05-01 06:23:24.209,2026-05-31 17:55:35.216
historical_xlsx,DNIcosZ_PLTS-IKN_WS-4_2026-Mei.xlsx,516296,5aed96a87fac7df6e54a23469cf72e1e9b898d3c4566d06713d57bc89f4e457c,,,,,2026/WS-4/Mei/DNIcosZ_PLTS-IKN_WS-4_2026-Mei.xlsx,WS-4,EMI04,DNIcosZ,standardized,4693,2026-05-01 11:13:04.100,2026-05-31 11:39:07.846
historical_xlsx,GHI_PLTS-IKN_WS-4_2026-Mei.xlsx,1666227,b6bce583bed22cafe51681814dd0430fcf5be164ca7a3ea9a54d16f303e3cd51,,,,,2026/WS-4/Mei/GHI_PLTS-IKN_WS-4_2026-Mei.xlsx,WS-4,EMI04,GHI,standardized,49212,2026-05-01 06:22:54.506,2026-05-31 17:56:27.909
