xlsx_name,relative_path,byte_size,sha256,ws,emi,channel_group,subchannel,filename_schema,raw_row_count,coverage_start_raw,coverage_end_raw
DHI WS-1 PLTS IKN Agustus 2025.xlsx,2025/WS-1/Agustus/DHI WS-1 PLTS IKN Agustus 2025.xlsx,2806410,bbd46e80969951c21f2985545345bfcbc95565c817f716e53af0164d6b43acd9,WS-1,EMI01,DHI,,legacy,99263,2025-08-01 06:25:44.935,2025-08-31 18:07:11.450
DNI cosZ WS-1 PLTS IKN Agustus 2025.xlsx,2025/WS-1/Agustus/DNI cosZ WS-1 PLTS IKN Agustus 2025.xlsx,625144,883292d14a7c1830e2e090669a6bc98a94c7026e385cdf07d67156e4caa96651,WS-1,EMI01,DNIcosZ,,legacy,7482,2025-08-01 11:35:15.017,2025-08-30 15:40:15.497
GHI WS-1 PLTS IKN Agustus 2025.xlsx,2025/WS-1/Agustus/GHI WS-1 PLTS IKN Agustus 2025.xlsx,2850714,088d1cce3a5d9d586e993f930348b1a134d0b25a5f8712bed51fd581054e1f44,WS-1,EMI01,GHI,,legacy,100878,2025-08-01 06:25:25.104,2025-08-31 18:07:24.654
POA WS-1 PLTS IKN Agustus 2025.xlsx,2025/WS-1/Agustus/POA WS-1 PLTS IKN Agustus 2025.xlsx,453830,91bbb3faab232fa0cc4178ad6adeef9e0e39d4f967473e0eeae8641c47b7dbbd,WS-1,EMI01,POA,,legacy,56,2025-08-26 12:38:54.116,2025-08-30 15:40:15.497
RSI 01 WS-1 PLTS IKN Agustus 2025.xlsx,2025/WS-1/Agustus/RSI 01 WS-1 PLTS IKN Agustus 2025.xlsx,1029711,957a519bb8fc3e73bd61fb4e6ec7f2273cf5f16e09529e692f150f19eb156e81,WS-1,EMI01,RSI,RSI_01,legacy,25620,2025-08-01 07:39:45.893,2025-08-31 16:59:25.527
RSI 02 WS-1 PLTS IKN Agustus 2025.xlsx,2025/WS-1/Agustus/RSI 02 WS-1 PLTS IKN Agustus 2025.xlsx,1044526,afb2e886f3f56f96f4c08548bbcc5a2395eebd4218f571461789ca2074a1c9ba,WS-1,EMI01,RSI,RSI_02,legacy,26117,2025-08-01 07:17:28.473,2025-08-31 16:59:55.261
RSI 03 WS-1 PLTS IKN Agustus 2025.xlsx,2025/WS-1/Agustus/RSI 03 WS-1 PLTS IKN Agustus 2025.xlsx,1005482,b9b04588655bc5d8ca4461ebbd51f1a79b1ebc0e5ebd01544642a49462929e03,WS-1,EMI01,RSI,RSI_03,legacy,24489,2025-08-01 07:16:22.621,2025-08-31 16:49:05.505
DHI_PLTS-IKN_WS-1_2025-Dec.xlsx,2025/WS-1/Desember/DHI_PLTS-IKN_WS-1_2025-Dec.xlsx,1697373,93e301f15cc564f36d6a8e6769e6db423aa6755211c4f03aa576e1beecbef366,WS-1,EMI01,DHI,,standardized,69452,2025-12-01 06:09:08.018,2025-12-31 18:10:57.749
DNIcosZ_PLTS-IKN_WS-1_2025-Dec.xlsx,2025/WS-1/Desember/DNIcosZ_PLTS-IKN_WS-1_2025-Dec.xlsx,923329,75aca8c1ad212ae49406533817158b737803c59f9fafb1c90334c24baaa89cc5,WS-1,EMI01,DNIcosZ,,standardized,30723,2025-12-01 06:30:47.210,2025-12-31 16:08:45.569
GHI_PLTS-IKN_WS-1_2025-Dec.xlsx,2025/WS-1/Desember/GHI_PLTS-IKN_WS-1_2025-Dec.xlsx,1820185,51c8fd1ee876242729d73579836918bc941a00ff379768f7abc2fb6d1ca3f9c5,WS-1,EMI01,GHI,,standardized,75235,2025-12-01 06:08:08.283,2025-12-31 18:11:53.989
POA_PLTS-IKN_WS-1_2025-Dec.xlsx,2025/WS-1/Desember/POA_PLTS-IKN_WS-1_2025-Dec.xlsx,377488,a80e6ffb534ca270aba9b30d5c80aae96d1d84b732b14a4193a8d6db80fa71ae,WS-1,EMI01,POA,,standardized,238,2025-12-01 06:49:38.305,2025-12-31 09:59:38.880
RSI_01_PLTS-IKN_WS-1_2025-Dec.xlsx,2025/WS-1/Desember/RSI_01_PLTS-IKN_WS-1_2025-Dec.xlsx,492069,d2aa50e5e45409b469d3b86cf288757c336940f628c19c8cacd0a9dae043b84e,WS-1,EMI01,RSI,RSI_01,standardized,7207,2025-12-01 06:49:38.305,2025-12-31 15:12:54.118
RSI_02_PLTS-IKN_WS-1_2025-Dec.xlsx,2025/WS-1/Desember/RSI_02_PLTS-IKN_WS-1_2025-Dec.xlsx,491820,af2151e201b94bf55e65baf02b2d6cae6f53a76f49235bc817a97d95f67882c1,WS-1,EMI01,RSI,RSI_02,standardized,7202,2025-12-01 06:49:38.305,2025-12-31 15:12:24.343
RSI_03_PLTS-IKN_WS-1_2025-Dec.xlsx,2025/WS-1/Desember/RSI_03_PLTS-IKN_WS-1_2025-Dec.xlsx,488460,87fddd1844c94fceb7694364d6773e63ae43c0bd846b1a4edb969e7529cf4849,WS-1,EMI01,RSI,RSI_03,standardized,7027,2025-12-01 06:49:38.305,2025-12-31 15:12:14.423
DHI WS-1 PLTS IKN.xlsx,2025/WS-1/Januari - Mei/DHI WS-1 PLTS IKN.xlsx,15785664,b42a72d2e1f7566759410065b233fb25f7658b6fbe53fa1f98dbd6fb9dbbcb1e,WS-1,EMI01,DHI,,legacy,420210,2025-01-12 21:08:24.002,2025-05-31 18:00:34.682
DNI cosZ WS-1 PLTS IKN.xlsx,2025/WS-1/Januari - Mei/DNI cosZ WS-1 PLTS IKN.xlsx,8429394,d379d4ecbe6d77aa3e79e23d136ebf62dbaa58164308868af2dc25b1023f49e8,WS-1,EMI01,DNIcosZ,,legacy,197553,2025-01-12 21:08:24.002,2025-05-31 15:15:33.420
GHI WS-1 PLTS IKN.xlsx,2025/WS-1/Januari - Mei/GHI WS-1 PLTS IKN.xlsx,18891818,b1146a8c2336c688a54bde00daf5be3f21f0876ca5a2d21fca370ffff1ea4ff1,WS-1,EMI01,GHI,,legacy,513927,2025-01-12 21:08:24.002,2025-05-31 18:01:10.988
POA WS-1 PLTS IKN.xlsx,2025/WS-1/Januari - Mei/POA WS-1 PLTS IKN.xlsx,18577433,3acd02d045c113a745dca928bd5e9e9f9d33a570a8bb22198539c9c0f1917866,WS-1,EMI01,POA,,legacy,516276,2025-01-12 21:08:24.002,2025-05-31 17:59:02.137
RSI 01 WS-1 PLTS IKN.xlsx,2025/WS-1/Januari - Mei/RSI 01 WS-1 PLTS IKN.xlsx,5862110,1426fd40285478d4bd68948cd1227596d2616404357b83087377f616fe4c6f94,WS-1,EMI01,RSI,RSI_01,legacy,123895,2025-01-12 21:08:24.002,2025-05-31 14:53:45.348
RSI 02 WS-1 PLTS IKN.xlsx,2025/WS-1/Januari - Mei/RSI 02 WS-1 PLTS IKN.xlsx,5934268,ba30c1cfa9454eee0fcd8e055074f4aefa1c3cee4c092407bd7dfb8c1d0a001a,WS-1,EMI01,RSI,RSI_02,legacy,125514,2025-01-12 21:08:24.002,2025-05-31 14:53:45.348
RSI 03 WS-1 PLTS IKN.xlsx,2025/WS-1/Januari - Mei/RSI 03 WS-1 PLTS IKN.xlsx,3755108,9c0f46fff5fd4bbd3174f0594dd89f08ebd69b2841331d9b8e073b5a54cc97db,WS-1,EMI01,RSI,RSI_03,legacy,120889,2025-01-12 21:08:24.002,2025-05-31 14:53:22.000
DHI WS-1 PLTS IKN Juli 2025.xlsx,2025/WS-1/Juli/DHI WS-1 PLTS IKN Juli 2025.xlsx,3148936,aa88da016fd807055d861b92fbdb35a352dcf55561973c60af8f459a2d1138eb,WS-1,EMI01,DHI,,legacy,113323,2025-07-01 06:26:30.235,2025-07-31 18:11:26.210
DNI cosZ WS-1 PLTS IKN Juli 2025.xlsx,2025/WS-1/Juli/DNI cosZ WS-1 PLTS IKN Juli 2025.xlsx,526448,a0fa12679f9271e0f1cf4c0eeadc18e82b6085954ce30a272d193a0d427b3ada,WS-1,EMI01,DNIcosZ,,legacy,3102,2025-07-03 15:24:14.663,2025-07-31 12:20:23.619
GHI WS-1 PLTS IKN Juli 2025.xlsx,2025/WS-1/Juli/GHI WS-1 PLTS IKN Juli 2025.xlsx,3246632,3119c44ebff6fa17f42a2736b32aec609b20f41f6f225518e73848486cce084d,WS-1,EMI01,GHI,,legacy,117109,2025-07-01 06:26:17.018,2025-07-31 18:12:15.643
POA WS-1 PLTS IKN Juli 2025.xlsx,2025/WS-1/Juli/POA WS-1 PLTS IKN Juli 2025.xlsx,452519,65765400df33d36e063adf9ab751b2933d16b556c81f91cd8c30110454c7c247,WS-1,EMI01,POA,,legacy,2,2025-07-24 01:30:34.793,2025-07-24 19:03:45.775
RSI 01 WS-1 PLTS IKN Juli 2025.xlsx,2025/WS-1/Juli/RSI 01 WS-1 PLTS IKN Juli 2025.xlsx,1273625,7a0b9342840a04be29a85be19c55325d84dc15b0309615f3cbd3afcc89737f3d,WS-1,EMI01,RSI,RSI_01,legacy,36703,2025-07-01 07:44:29.607,2025-07-31 15:40:01.823
RSI 02 WS-1 PLTS IKN Juli 2025.xlsx,2025/WS-1/Juli/RSI 02 WS-1 PLTS IKN Juli 2025.xlsx,1284083,6f9a735551f87984fd3e1a054b3a97cb4eec424722ed412b1b1afc14b0369790,WS-1,EMI01,RSI,RSI_02,legacy,37063,2025-07-01 07:44:29.607,2025-07-31 15:39:35.449
RSI 03 WS-1 PLTS IKN Juli 2025.xlsx,2025/WS-1/Juli/RSI 03 WS-1 PLTS IKN Juli 2025.xlsx,1226613,bcc87caa4648297b5a246957ccee52bf74332686416264bc3594c9489c6dbd3a,WS-1,EMI01,RSI,RSI_03,legacy,34420,2025-07-01 07:28:35.025,2025-07-31 15:39:25.566
DHI WS-1 PLTS IKN Juni 2025.xlsx,2025/WS-1/Juni/DHI WS-1 PLTS IKN Juni 2025.xlsx,2738640,389a4e34b56542e8869ae7e138b00102fbbfc62e266414c0eb422669b70267a3,WS-1,EMI01,DHI,,legacy,96936,2025-06-01 06:31:54.395,2025-06-30 17:59:31.103
DNI cosZ WS-1 PLTS IKN Juni 2025.xlsx,2025/WS-1/Juni/DNI cosZ WS-1 PLTS IKN Juni 2025.xlsx,445548,a6a6a49d85831212790f9b580dc6623f98ce5e6a1f2aff3bbba0063ab92c22ba,WS-1,EMI01,DNIcosZ,,legacy,150,2025-06-02 11:03:02.168,2025-06-29 14:47:10.655
GHI WS-1 PLTS IKN Juni 2025.xlsx,2025/WS-1/Juni/GHI WS-1 PLTS IKN Juni 2025.xlsx,2823627,67e4f4a7bfad87f7061b939d59d4d49ddfc4564baca101c1081c6df39aee88f7,WS-1,EMI01,GHI,,legacy,100263,2025-06-01 06:31:31.274,2025-06-30 18:01:46.499
POA WS-1 PLTS IKN Juni 2025.xlsx,2025/WS-1/Juni/POA WS-1 PLTS IKN Juni 2025.xlsx,1740734,d3791c153911c6ed9750a1092d91ca56719c299e2ac635a7260a1951b386b7e1,WS-1,EMI01,POA,,legacy,56133,2025-06-01 06:32:57.149,2025-06-18 18:03:46.812
RSI 01 WS-1 PLTS IKN Juni 2025.xlsx,2025/WS-1/Juni/RSI 01 WS-1 PLTS IKN Juni 2025.xlsx,1015275,030c5593ae8876a5cda1cceb214cd3036e07e49553242c1e66f8f487bf2ece7b,WS-1,EMI01,RSI,RSI_01,legacy,25502,2025-06-01 09:47:56.145,2025-06-30 15:56:17.007
RSI 02 WS-1 PLTS IKN Juni 2025.xlsx,2025/WS-1/Juni/RSI 02 WS-1 PLTS IKN Juni 2025.xlsx,1026671,c87fadb53d04b726606dd518b72111495b646560c23a62e3d08e17a69ed0c3a5,WS-1,EMI01,RSI,RSI_02,legacy,26041,2025-06-01 09:49:38.562,2025-06-30 15:55:07.646
RSI 03 WS-1 PLTS IKN Juni 2025.xlsx,2025/WS-1/Juni/RSI 03 WS-1 PLTS IKN Juni 2025.xlsx,979527,44fa8457b390fa0d33563d8b8ac0c089a409402b6ce5714a0d4ebb81eda4bf7b,WS-1,EMI01,RSI,RSI_03,legacy,23941,2025-06-01 09:50:11.572,2025-06-30 15:55:07.646
DHI WS-1 PLTS IKN November 2025.xlsx,2025/WS-1/November/DHI WS-1 PLTS IKN November 2025.xlsx,2176733,0a8559f1dda999a7b3961e179e1c28c47b04735f05a59739af05b3202c97f69b,WS-1,EMI01,DHI,,legacy,73288,2025-11-01 05:58:05.354,2025-11-30 18:04:16.012
DNI cosZ WS-1 PLTS IKN November 2025.xlsx,2025/WS-1/November/DNI cosZ WS-1 PLTS IKN November 2025.xlsx,1213476,562c4c26973f19050eb859bc8c8bee47ed7b973c6e13f9ec9afd146a046f2346,WS-1,EMI01,DNIcosZ,,legacy,34026,2025-11-01 11:52:49.931,2025-11-30 18:04:16.012
GHI WS-1 PLTS IKN November 2025.xlsx,2025/WS-1/November/GHI WS-1 PLTS IKN November 2025.xlsx,2220177,b5d77ac0f600fe281bec1e16441a20909def4840b5a8b932042733cced275f25,WS-1,EMI01,GHI,,legacy,74777,2025-11-01 05:57:55.402,2025-11-30 18:04:16.012
POA WS-1 PLTS IKN November 2025.xlsx,2025/WS-1/November/POA WS-1 PLTS IKN November 2025.xlsx,456428,15f1c54ec3652f2ed1fe29cfce8c191284ca1901232faa3e6848144d7625c4da,WS-1,EMI01,POA,,legacy,249,2025-11-01 11:52:49.946,2025-11-30 18:04:16.012
RSI 01 WS-1 PLTS IKN November 2025.xlsx,2025/WS-1/November/RSI 01 WS-1 PLTS IKN November 2025.xlsx,590262,e2f562ca3b105d404b408c300f59e283f89ef975e8e438dbca4fc6ebfef0fd06,WS-1,EMI01,RSI,RSI_01,legacy,6160,2025-11-01 06:09:21.097,2025-11-30 18:04:16.012
RSI 02 WS-1 PLTS IKN November 2025.xlsx,2025/WS-1/November/RSI 02 WS-1 PLTS IKN November 2025.xlsx,592340,fab8b858ceb014e5eed2183d3c4edec3eab46ba7ceef3e155be6384c48ad0525,WS-1,EMI01,RSI,RSI_02,legacy,6249,2025-11-01 06:09:44.342,2025-11-30 18:04:16.012
RSI 03 WS-1 PLTS IKN November 2025.xlsx,2025/WS-1/November/RSI 03 WS-1 PLTS IKN November 2025.xlsx,586611,7756855b9040fa25bf5f8ca590e078cb6aa16875a96df82beaca4d4e245ce707,WS-1,EMI01,RSI,RSI_03,legacy,5991,2025-11-01 06:11:20.536,2025-11-30 18:04:16.012
DHI WS-1 PLTS IKN Oktober 2025.xlsx,2025/WS-1/Oktober/DHI WS-1 PLTS IKN Oktober 2025.xlsx,2959949,4dcb1b89f1d7232c7ff3911d81b8fdc0c90d8f3fc51cd933a8e2588c6b67f67f,WS-1,EMI01,DHI,,legacy,105937,2025-10-01 06:06:09.428,2025-10-31 18:10:36.772
DNI cosZ WS-1 PLTS IKN Oktober 2025.xlsx,2025/WS-1/Oktober/DNI cosZ WS-1 PLTS IKN Oktober 2025.xlsx,1438311,578e1eda3a615316de39e92234aa62f08f1bb3ddc71c741faf7da41019593935,WS-1,EMI01,DNIcosZ,,legacy,43894,2025-10-01 09:40:19.377,2025-10-31 18:10:36.772
GHI WS-1 PLTS IKN Oktober 2025.xlsx,2025/WS-1/Oktober/GHI WS-1 PLTS IKN Oktober 2025.xlsx,3085089,8842cf6277181b37d093c64f704e125a33e18fa6a2afeee5faaf0e77fa70afcc,WS-1,EMI01,GHI,,legacy,110766,2025-10-01 06:05:42.871,2025-10-31 18:10:36.772
POA WS-1 PLTS IKN Oktober 2025.xlsx,2025/WS-1/Oktober/POA WS-1 PLTS IKN Oktober 2025.xlsx,2354464,ae7daeb847c970f93117d6fd17cf78c6f2f45aaeaa15c46bec619ea9ce2b6e00,WS-1,EMI01,POA,,legacy,81056,2025-10-01 07:58:29.000,2025-10-31 18:10:36.772
RSI 01 WS-1 PLTS IKN Oktober 2025.xlsx,2025/WS-1/Oktober/RSI 01 WS-1 PLTS IKN Oktober 2025.xlsx,1119696,c0df1db72bc0953e452d7d7522c23620920a76e66380dbc5a16c22af650db37a,WS-1,EMI01,RSI,RSI_01,legacy,29647,2025-10-01 06:58:19.956,2025-10-31 18:10:36.772
RSI 02 WS-1 PLTS IKN Oktober 2025.xlsx,2025/WS-1/Oktober/RSI 02 WS-1 PLTS IKN Oktober 2025.xlsx,1126530,dff4ff1b6865ea99fff833ac8fbdc053ed7b5c91cda1af45d7ec5ac511424ec2,WS-1,EMI01,RSI,RSI_02,legacy,29893,2025-10-01 06:57:20.218,2025-10-31 18:10:36.772
RSI 03 WS-1 PLTS IKN Oktober 2025.xlsx,2025/WS-1/Oktober/RSI 03 WS-1 PLTS IKN Oktober 2025.xlsx,1093390,34ad2447f4f4190cfc1635d1262c7e45911d5034cfe19803e72b5204df4098fb,WS-1,EMI01,RSI,RSI_03,legacy,28457,2025-10-01 06:56:20.463,2025-10-31 18:10:36.772
DHI WS-1 PLTS IKN September 2025.xlsx,2025/WS-1/September/DHI WS-1 PLTS IKN September 2025.xlsx,2968077,9406f97b866bbf84324d8582a20d44edba3043d11bc0a396748e3304d94cda6d,WS-1,EMI01,DHI,,legacy,106233,2025-09-01 06:21:48.454,2025-09-30 17:58:07.236
DNI cosZ WS-1 PLTS IKN September 2025.xlsx,2025/WS-1/September/DNI cosZ WS-1 PLTS IKN September 2025.xlsx,640851,ca1065a96c8f305a55da935e4ede35d2701b73b7d5d958b8a47a942a1948107a,WS-1,EMI01,DNIcosZ,,legacy,8392,2025-09-01 11:23:05.103,2025-09-30 12:22:45.300
GHI WS-1 PLTS IKN September 2025.xlsx,2025/WS-1/September/GHI WS-1 PLTS IKN September 2025.xlsx,3011961,e48bba4863570e7710f380face58ca935c709bb7e46fd5bfb8c0b276fde77e23,WS-1,EMI01,GHI,,legacy,107932,2025-09-01 06:21:02.203,2025-09-30 17:58:13.891
POA WS-1 PLTS IKN September 2025.xlsx,2025/WS-1/September/POA WS-1 PLTS IKN September 2025.xlsx,546766,19331a2fefc854b13605340d8b5fe7e61e196ebb59db82266e4b3fbc4a771474,WS-1,EMI01,POA,,legacy,4266,2025-09-01 16:10:20.439,2025-09-30 12:45:37.952
RSI 01 WS-1 PLTS IKN September 2025.xlsx,2025/WS-1/September/RSI 01 WS-1 PLTS IKN September 2025.xlsx,1078903,d57344e469c0f8e66c0423e560e1a112b6ae189b13180d27904fd3de62b6f8c1,WS-1,EMI01,RSI,RSI_01,legacy,28176,2025-09-01 07:18:21.465,2025-09-30 16:52:43.039
RSI 02 WS-1 PLTS IKN September 2025.xlsx,2025/WS-1/September/RSI 02 WS-1 PLTS IKN September 2025.xlsx,1092504,f7347e6a484d8bf3018aaa8a2adf4a0e7820d86b324ae59481f7c416ffc068c9,WS-1,EMI01,RSI,RSI_02,legacy,28797,2025-09-01 07:17:41.902,2025-09-30 16:53:52.745
RSI 03 WS-1 PLTS IKN September 2025.xlsx,2025/WS-1/September/RSI 03 WS-1 PLTS IKN September 2025.xlsx,1059832,88cb6ead149459120610c097e2ae2340714b3393bf4022ed1aae69acd7b4cac8,WS-1,EMI01,RSI,RSI_03,legacy,27291,2025-09-01 07:16:32.651,2025-09-30 16:51:36.566
DHI WS-2 PLTS IKN Agustus 2025.xlsx,2025/WS-2/Agustus/DHI WS-2 PLTS IKN Agustus 2025.xlsx,1489095,e8dbd7b9c65ec549e722eb4154b4241f43403767ed7c6b6862e3220af1cbf64d,WS-2,EMI02,DHI,,legacy,43961,2025-08-01 06:24:48.344,2025-08-31 18:07:59.076
DNI cosZ WS-2 PLTS IKN Agustus 2025.xlsx,2025/WS-2/Agustus/DNI cosZ WS-2 PLTS IKN Agustus 2025.xlsx,578688,598ffab669c7b48e3ae18dcf4b21d6385c6510f805b6e7192adfd4fd014c0074,WS-2,EMI02,DNIcosZ,,legacy,5164,2025-08-01 10:51:53.221,2025-08-30 15:40:13.184
GHI WS-2 PLTS IKN Agustus 2025.xlsx,2025/WS-2/Agustus/GHI WS-2 PLTS IKN Agustus 2025.xlsx,1516111,f4e757cb3e05d350e5fbf3bfc2af81edd83f309449574183be54a8cc868fc0b2,WS-2,EMI02,GHI,,legacy,44939,2025-08-01 06:24:48.343,2025-08-31 18:07:42.607
POA WS-2 PLTS IKN Agustus 2025.xlsx,2025/WS-2/Agustus/POA WS-2 PLTS IKN Agustus 2025.xlsx,1516561,de79d9f50c01182ce8174d36d7fac499152b259940944a07757db6067684396e,WS-2,EMI02,POA,,legacy,45087,2025-08-01 06:24:35.150,2025-08-31 18:07:59.076
RSI 01 WS-2 PLTS IKN Agustus 2025.xlsx,2025/WS-2/Agustus/RSI 01 WS-2 PLTS IKN Agustus 2025.xlsx,735668,9cd5b11d9124663d0a4814876aebec1e2651f4ff0f31997f4d75ece34bcccef2,WS-2,EMI02,RSI,RSI_01,legacy,12119,2025-08-01 06:46:45.306,2025-08-31 16:31:57.590
RSI 02 WS-2 PLTS IKN Agustus 2025.xlsx,2025/WS-2/Agustus/RSI 02 WS-2 PLTS IKN Agustus 2025.xlsx,733143,526952ea258a6f5660d9f77eb423904f5fcb681ac95c0ae3f7f8ab65a28c4434,WS-2,EMI02,RSI,RSI_02,legacy,11917,2025-08-01 07:41:18.148,2025-08-31 16:19:02.990
RSI 03 WS-2 PLTS IKN Agustus 2025.xlsx,2025/WS-2/Agustus/RSI 03 WS-2 PLTS IKN Agustus 2025.xlsx,734576,7889b2c3cdeabd80a03d944603d58b8b762957219128cf5bbb60df1e9b215dc0,WS-2,EMI02,RSI,RSI_03,legacy,12010,2025-08-01 07:40:55.076,2025-08-31 16:23:26.554
DHI_PLTS-IKN_WS-2_2025-Dec.xlsx,2025/WS-2/Desember/DHI_PLTS-IKN_WS-2_2025-Dec.xlsx,1151177,e1aceaed883e0bee36ef1232794f5f15ab7403598965195e9985d5be9f88f627,WS-2,EMI02,DHI,,standardized,41846,2025-12-01 06:07:42.407,2025-12-31 18:11:53.177
DNIcosZ_PLTS-IKN_WS-2_2025-Dec.xlsx,2025/WS-2/Desember/DNIcosZ_PLTS-IKN_WS-2_2025-Dec.xlsx,610167,21dbaf70f647ce72902ce02dd3d08c0a9d45a5cbecfe5dc7d9b6f5a692fe5e70,WS-2,EMI02,DNIcosZ,,standardized,13171,2025-12-01 10:34:57.775,2025-12-31 12:49:34.447
GHI_PLTS-IKN_WS-2_2025-Dec.xlsx,2025/WS-2/Desember/GHI_PLTS-IKN_WS-2_2025-Dec.xlsx,1213712,fbf6d8263415b6e135790ad2935a25d596fadd43d2c4d710db2ac11761990dd9,WS-2,EMI02,GHI,,standardized,44904,2025-12-01 06:07:52.316,2025-12-31 18:12:09.705
POA_PLTS-IKN_WS-2_2025-Dec.xlsx,2025/WS-2/Desember/POA_PLTS-IKN_WS-2_2025-Dec.xlsx,1207083,01b5d21768ebf32b301892f28ff5867b7b9a5e85b23bd9fd7c01f93b096e3fd4,WS-2,EMI02,POA,,standardized,44566,2025-12-01 06:07:32.501,2025-12-31 18:11:36.633
RSI_01_PLTS-IKN_WS-2_2025-Dec.xlsx,2025/WS-2/Desember/RSI_01_PLTS-IKN_WS-2_2025-Dec.xlsx,581001,df8d80bff5cc235f928d9e11181c22e1077f8b55c9bbf60dc41c749587130f82,WS-2,EMI02,RSI,RSI_01,standardized,12205,2025-12-01 08:13:07.515,2025-12-31 14:40:58.573
RSI_02_PLTS-IKN_WS-2_2025-Dec.xlsx,2025/WS-2/Desember/RSI_02_PLTS-IKN_WS-2_2025-Dec.xlsx,579136,cc74039cc05e4e149d99b3974f321442894e47a2e193813a87f0ad0e2eb669f9,WS-2,EMI02,RSI,RSI_02,standardized,12193,2025-12-01 08:26:49.757,2025-12-31 14:39:49.149
RSI_03_PLTS-IKN_WS-2_2025-Dec.xlsx,2025/WS-2/Desember/RSI_03_PLTS-IKN_WS-2_2025-Dec.xlsx,560551,202f2b43182b0f79da5196c55ba28b11d6224d726098d8736ac5dcea538bc823,WS-2,EMI02,RSI,RSI_03,standardized,11159,2025-12-01 08:31:17.197,2025-12-31 14:39:26.044
DHI WS-2 PLTS IKN.xlsx,2025/WS-2/Januari - Juni/DHI WS-2 PLTS IKN.xlsx,10776069,f38284b54809732fce752414530e071f370f8a3e8b02cb656eb1e17784198406,WS-2,EMI02,DHI,,legacy,268774,2025-01-12 21:08:38.799,2025-07-17 13:34:25.211
DNI cosZ WS-2 PLTS IKN.xlsx,2025/WS-2/Januari - Juni/DNI cosZ WS-2 PLTS IKN.xlsx,4544977,9fc7d9e10122635c698c13cccd66199e1039004c1e723997b4e4aa58532b804b,WS-2,EMI02,DNIcosZ,,legacy,78334,2025-01-12 21:08:38.799,2025-07-16 12:12:30.470
GHI WS-2 PLTS IKN.xlsx,2025/WS-2/Januari - Juni/GHI WS-2 PLTS IKN.xlsx,11394136,d06c71e00fae6c9b2a2b2c2e29b0b25297e46f0eacbb3b6971e4313d81c3c08d,WS-2,EMI02,GHI,,legacy,287009,2025-01-12 21:08:38.799,2025-07-17 15:59:28.535
POA WS-2 PLTS IKN.xlsx,2025/WS-2/Januari - Juni/POA WS-2 PLTS IKN.xlsx,11394654,fbbda246e045c1541a0b3de39d578a0c6c21a3a8ba2960826fab58d5d28550f8,WS-2,EMI02,POA,,legacy,286986,2025-01-15 08:00:12.448,2025-07-17 16:01:10.841
RSI 01 WS-2 PLTS IKN.xlsx,2025/WS-2/Januari - Juni/RSI 01 WS-2 PLTS IKN.xlsx,4632228,6eb6c10c0ce3f73840659a9730638a933b4cafb4ed6d406f0e2f23b5913666be,WS-2,EMI02,RSI,RSI_01,legacy,83080,2025-01-12 21:08:38.799,2025-07-16 16:27:21.906
RSI 02 WS-2 PLTS IKN.xlsx,2025/WS-2/Januari - Juni/RSI 02 WS-2 PLTS IKN.xlsx,4558793,be0d171c2fea958462318fa3c54b24e1e1d592535a80f86a6d95b44be63f8654,WS-2,EMI02,RSI,RSI_02,legacy,80272,2025-01-12 21:08:38.799,2025-07-16 16:25:36.348
RSI 03 WS-2 PLTS IKN.xlsx,2025/WS-2/Januari - Juni/RSI 03 WS-2 PLTS IKN.xlsx,4586827,129ed6efbc0fe47a8195882a77eb7b94982bb7a3f75e094cb3ca3cfc50db57e2,WS-2,EMI02,RSI,RSI_03,legacy,80911,2025-01-12 21:08:38.799,2025-07-16 16:26:58.801
DHI WS-2 PLTS IKN Juli 2025.xlsx,2025/WS-2/Juli/DHI WS-2 PLTS IKN Juli 2025.xlsx,1589925,69b1a7f070c0fcdbfd542cad898858b216308282f6f4f957da7d2fa4b91a061d,WS-2,EMI02,DHI,,legacy,48206,2025-07-01 06:25:49.086,2025-07-31 18:13:29.404
DNI cosZ WS-2 PLTS IKN Juli 2025.xlsx,2025/WS-2/Juli/DNI cosZ WS-2 PLTS IKN Juli 2025.xlsx,606240,afc0d6fe7bcfff882078a4d2ec47a66ef985e223d9cd33a2de2ecb32e8ff265f,WS-2,EMI02,DNIcosZ,,legacy,6280,2025-07-01 09:55:58.116,2025-07-31 12:26:32.936
GHI WS-2 PLTS IKN Juli 2025.xlsx,2025/WS-2/Juli/GHI WS-2 PLTS IKN Juli 2025.xlsx,1604548,69d38a7f73191c4cc06dc69e0f192a37756b025e024332f74c36a2301c581ae1,WS-2,EMI02,GHI,,legacy,48679,2025-07-01 06:25:49.086,2025-07-31 18:13:32.711
POA WS-2 PLTS IKN Juli 2025.xlsx,2025/WS-2/Juli/POA WS-2 PLTS IKN Juli 2025.xlsx,1616818,b5375ec422d6c8c8b7b588bbabf3a3472a9bf9bd76b1e95d65e287bd3a425192,WS-2,EMI02,POA,,legacy,49207,2025-07-01 06:26:05.521,2025-07-31 18:13:29.404
RSI 01 WS-2 PLTS IKN Juli 2025.xlsx,2025/WS-2/Juli/RSI 01 WS-2 PLTS IKN Juli 2025.xlsx,811057,7dfd95f5f20da7a9f48372904cf4e5aa1aa178bcfdcaa9482f177fda7520bbe7,WS-2,EMI02,RSI,RSI_01,legacy,15475,2025-07-01 07:01:17.667,2025-07-31 15:34:35.978
RSI 02 WS-2 PLTS IKN Juli 2025.xlsx,2025/WS-2/Juli/RSI 02 WS-2 PLTS IKN Juli 2025.xlsx,805609,acb3fb0f267014ca9f4fd7917fd26eafa64ba20d5df5efb697c000b3d139acf7,WS-2,EMI02,RSI,RSI_02,legacy,15173,2025-07-01 07:51:53.631,2025-07-31 15:33:29.954
RSI 03 WS-2 PLTS IKN Juli 2025.xlsx,2025/WS-2/Juli/RSI 03 WS-2 PLTS IKN Juli 2025.xlsx,800975,ab91eb4f4dcb27cea3421993dfb4b771e5177a8f4469e9843841a081c713f00c,WS-2,EMI02,RSI,RSI_03,legacy,14987,2025-07-01 07:52:39.810,2025-07-31 15:33:06.850
DHI WS-2 PLTS IKN November 2025.xlsx,2025/WS-2/November/DHI WS-2 PLTS IKN November 2025.xlsx,1463198,f847d15cb28a5034791bd40acc211c05bb15de649fc9fae69b7edad239795f1a,WS-2,EMI02,DHI,,legacy,43086,2025-11-01 05:56:41.510,2025-11-30 17:55:22.774
DNI cosZ WS-2 PLTS IKN November 2025.xlsx,2025/WS-2/November/DNI cosZ WS-2 PLTS IKN November 2025.xlsx,791251,edd3b886b0b5ff020ab78739efb842aa80dd06513d1f8aaf1d69ddf6f1288de8,WS-2,EMI02,DNIcosZ,,legacy,14301,2025-11-01 11:18:48.473,2025-11-30 16:49:42.139
GHI WS-2 PLTS IKN November 2025.xlsx,2025/WS-2/November/GHI WS-2 PLTS IKN November 2025.xlsx,1538989,ca35da5a36728b934ded71d8a88420ee5092e8bc88c45cb21c904a976981cf17,WS-2,EMI02,GHI,,legacy,46215,2025-11-01 05:56:24.998,2025-11-30 17:55:22.774
POA WS-2 PLTS IKN November 2025.xlsx,2025/WS-2/November/POA WS-2 PLTS IKN November 2025.xlsx,1530213,8f80da90e848a27663becbca069b3c439f16c6d548432d74ea01ab8f8de0954c,WS-2,EMI02,POA,,legacy,45853,2025-11-01 05:56:54.727,2025-11-30 17:55:06.305
RSI 01 WS-2 PLTS IKN November 2025.xlsx,2025/WS-2/November/RSI 01 WS-2 PLTS IKN November 2025.xlsx,805284,cea4d4ec0c928e9483203b5a9af74ce84f8496efee96d009de4cd5b3079c5819,WS-2,EMI02,RSI,RSI_01,legacy,13688,2025-11-01 06:10:50.323,2025-11-30 15:12:33.535
RSI 02 WS-2 PLTS IKN November 2025.xlsx,2025/WS-2/November/RSI 02 WS-2 PLTS IKN November 2025.xlsx,761568,b6b2f2602abedb4bac90928efb72b88444542da355f57e7cddaeb0727e13898e,WS-2,EMI02,RSI,RSI_02,legacy,13567,2025-11-01 06:40:43.882,2025-11-30 14:26:59.607
RSI 03 WS-2 PLTS IKN November 2025.xlsx,2025/WS-2/November/RSI 03 WS-2 PLTS IKN November 2025.xlsx,773919,e3d6da6f13a441787378e257a5facb6a6f54a8a3854e4b233e1f8034cc03954e,WS-2,EMI02,RSI,RSI_03,legacy,14100,2025-11-01 06:40:00.906,2025-11-30 14:26:59.607
DHI WS-2 PLTS IKN Oktober 2025.xlsx,2025/WS-2/Oktober/DHI WS-2 PLTS IKN Oktober 2025.xlsx,1496221,8504058213474d9df854c50fa6d84849ab6c54fcd2eccf2079d977030b3b1732,WS-2,EMI02,DHI,,legacy,44234,2025-10-01 06:04:48.428,2025-10-31 18:10:38.584
DNI cosZ WS-2 PLTS IKN Oktober 2025.xlsx,2025/WS-2/Oktober/DNI cosZ WS-2 PLTS IKN Oktober 2025.xlsx,683696,b3bee456258222f17228ed8609f321be0137be37cd93fe9cd880149109c29bb4,WS-2,EMI02,DNIcosZ,,legacy,9556,2025-10-01 09:59:46.530,2025-10-31 18:10:38.584
GHI WS-2 PLTS IKN Oktober 2025.xlsx,2025/WS-2/Oktober/GHI WS-2 PLTS IKN Oktober 2025.xlsx,1539850,f804a69440b8f993f7e6241b249da91d5791759b930b1a3d5ecb28e66f410ca8,WS-2,EMI02,GHI,,legacy,45951,2025-10-01 06:05:04.909,2025-10-31 18:10:38.584
POA WS-2 PLTS IKN Oktober 2025.xlsx,2025/WS-2/Oktober/POA WS-2 PLTS IKN Oktober 2025.xlsx,1536466,04f660f04fa6bf3b816fdb2caa02b589cbbff5dd2a6ad0a8d576a9c20032345d,WS-2,EMI02,POA,,legacy,45904,2025-10-01 06:04:48.428,2025-10-31 18:10:38.584
RSI 01 WS-2 PLTS IKN Oktober 2025.xlsx,2025/WS-2/Oktober/RSI 01 WS-2 PLTS IKN Oktober 2025.xlsx,768170,64c1fac5747c44fb036feece6ccc1a66f6c1cf4db07f22096d44d452d75b6871,WS-2,EMI02,RSI,RSI_01,legacy,13516,2025-10-01 06:48:05.870,2025-10-31 18:10:38.584
RSI 02 WS-2 PLTS IKN Oktober 2025.xlsx,2025/WS-2/Oktober/RSI 02 WS-2 PLTS IKN Oktober 2025.xlsx,776722,d5d91b1040e8612c0071dfcabf91b43bc5cf35c75afaa5b52f85185460545093,WS-2,EMI02,RSI,RSI_02,legacy,13882,2025-10-01 07:01:18.063,2025-10-31 18:10:38.584
RSI 03 WS-2 PLTS IKN Oktober 2025.xlsx,2025/WS-2/Oktober/RSI 03 WS-2 PLTS IKN Oktober 2025.xlsx,772915,f2bf62e107197ef0598d634ae5fe2c16ec505fe8110c94edc6f907a9efa065e4,WS-2,EMI02,RSI,RSI_03,legacy,13682,2025-10-01 07:03:33.506,2025-10-31 18:10:38.584
DHI WS-2 PLTS IKN September 2025.xlsx,2025/WS-2/September/DHI WS-2 PLTS IKN September 2025.xlsx,1464697,ee4956a0bf30ae9f419956f2e206addd85fd2461d34299359135f5aceb0cdb01,WS-2,EMI02,DHI,,legacy,43306,2025-09-01 06:20:27.468,2025-09-30 17:59:15.395
DNI cosZ WS-2 PLTS IKN September 2025.xlsx,2025/WS-2/September/DNI cosZ WS-2 PLTS IKN September 2025.xlsx,745070,dc7602d04bf0553cb25111bad2eca30b2fd2bc11f0fd14dab6b598662c6365ac,WS-2,EMI02,DNIcosZ,,legacy,12508,2025-09-01 07:11:55.461,2025-09-30 17:13:25.643
GHI WS-2 PLTS IKN September 2025.xlsx,2025/WS-2/September/GHI WS-2 PLTS IKN September 2025.xlsx,1524204,3bcd281d10861733926a2027861cf053bf6a6f8c22cc5317a85ac62f724184d5,WS-2,EMI02,GHI,,legacy,45660,2025-09-01 06:20:47.219,2025-09-30 17:58:58.882
POA WS-2 PLTS IKN September 2025.xlsx,2025/WS-2/September/POA WS-2 PLTS IKN September 2025.xlsx,1526856,c006bca4df5630ec7d898b95a815232342a1630ee3de32755c5d29e98ae1aaab,WS-2,EMI02,POA,,legacy,45773,2025-09-01 06:20:10.968,2025-09-30 17:58:58.882
RSI 01 WS-2 PLTS IKN September 2025.xlsx,2025/WS-2/September/RSI 01 WS-2 PLTS IKN September 2025.xlsx,773236,e1a9382200e03e7aa20d3d54e253cad8d2e3a3c9c4056c3c4fe2b2c20e06d8a3,WS-2,EMI02,RSI,RSI_01,legacy,14094,2025-09-01 07:16:45.433,2025-09-30 16:43:33.403
RSI 02 WS-2 PLTS IKN September 2025.xlsx,2025/WS-2/September/RSI 02 WS-2 PLTS IKN September 2025.xlsx,773391,06ff031474c69d4c9ee61abeeccf8ed9bda784b723ac5342ba305af84f6ef526,WS-2,EMI02,RSI,RSI_02,legacy,14170,2025-09-01 07:27:18.439,2025-09-30 16:31:40.561
RSI 03 WS-2 PLTS IKN September 2025.xlsx,2025/WS-2/September/RSI 03 WS-2 PLTS IKN September 2025.xlsx,769021,872ddfdebb3ddbc2c725fa09306518bba809c5be7243257d947bd2c738fca5a3,WS-2,EMI02,RSI,RSI_03,legacy,13899,2025-09-01 07:28:27.565,2025-09-30 16:33:59.192
DHI WS-3 PLTS IKN Agustus 2025.xlsx,2025/WS-3/Agustus/DHI WS-3 PLTS IKN Agustus 2025.xlsx,1485477,a9db33d250ec7ce263f29f62c25d8093082bf987cb83adad025c97e8d642d4df,WS-3,EMI03,DHI,,legacy,43662,2025-08-01 06:24:41.398,2025-08-31 18:08:06.389
DNI cosZ WS-3 PLTS IKN Agustus 2025.xlsx,2025/WS-3/Agustus/DNI cosZ WS-3 PLTS IKN Agustus 2025.xlsx,513931,7b82d68e932d63e60b268166bfeb674ae9d44c618813f1128314903520c79da4,WS-3,EMI03,DNIcosZ,,legacy,2533,2025-08-01 10:44:04.576,2025-08-30 15:40:15.638
GHI WS-3 PLTS IKN Agustus 2025.xlsx,2025/WS-3/Agustus/GHI WS-3 PLTS IKN Agustus 2025.xlsx,1470340,6ab3f3c792aa5c06a5bef7d378918c101c9e647bcd0ec86f6e53ba820450cc3c,WS-3,EMI03,GHI,,legacy,42994,2025-08-01 06:25:14.394,2025-08-31 18:08:42.717
POA WS-3 PLTS IKN Agustus 2025.xlsx,2025/WS-3/Agustus/POA WS-3 PLTS IKN Agustus 2025.xlsx,453560,8c520c1abd6cd551128c61a9fa6269a5bf5ad381815c77a4b2aba6d114050d0b,WS-3,EMI03,POA,,legacy,41,2025-08-26 12:38:55.584,2025-08-30 15:40:15.638
RSI 01 WS-3 PLTS IKN Agustus 2025.xlsx,2025/WS-3/Agustus/RSI 01 WS-3 PLTS IKN Agustus 2025.xlsx,453820,989c8555a7109ba2bfe99644939008169d5f3761a39833ec23e8fe483c68e285,WS-3,EMI03,RSI,RSI_01,legacy,41,2025-08-26 12:38:55.585,2025-08-30 15:40:15.638
RSI 02 WS-3 PLTS IKN Agustus 2025.xlsx,2025/WS-3/Agustus/RSI 02 WS-3 PLTS IKN Agustus 2025.xlsx,455914,cbb146d375715553c90927e13eed0a8cb1fcf10a648762b5597b8b8c3c22fd2f,WS-3,EMI03,RSI,RSI_02,legacy,41,2025-08-26 12:38:55.584,2025-08-30 15:40:15.638
RSI 03 WS-3 PLTS IKN Agustus 2025.xlsx,2025/WS-3/Agustus/RSI 03 WS-3 PLTS IKN Agustus 2025.xlsx,455706,be5b04c08bc0c8d8d6e0c60d47ca7c542c82d7bb121c6371fad6e8ae39450fba,WS-3,EMI03,RSI,RSI_03,legacy,41,2025-08-26 12:38:55.584,2025-08-30 15:40:15.638
DHI_PLTS-IKN_WS-3_2025-Dec.xlsx,2025/WS-3/Desember/DHI_PLTS-IKN_WS-3_2025-Dec.xlsx,1204968,88bec17008c6dfb696d1427733def80bef58d86a92a7c0f8539d5d7be2866ba0,WS-3,EMI03,DHI,,standardized,44430,2025-12-01 06:07:49.564,2025-12-31 18:11:54.504
DNIcosZ_PLTS-IKN_WS-3_2025-Dec.xlsx,2025/WS-3/Desember/DNIcosZ_PLTS-IKN_WS-3_2025-Dec.xlsx,376098,1ea954f19ff9958f7af0330d9d15ae3388a9204771e1641ee6599e320609a0b8,WS-3,EMI03,DNIcosZ,,standardized,148,2025-12-05 12:46:47.936,2025-12-05 13:57:01.189
GHI_PLTS-IKN_WS-3_2025-Dec.xlsx,2025/WS-3/Desember/GHI_PLTS-IKN_WS-3_2025-Dec.xlsx,1188659,e3955e9b9f6682e9be5aae7f2d4c0c5fad60474924203b358a3299270561fa3c,WS-3,EMI03,GHI,,standardized,43571,2025-12-01 06:08:45.627,2025-12-31 18:12:07.736
POA_PLTS-IKN_WS-3_2025-Dec.xlsx,2025/WS-3/Desember/POA_PLTS-IKN_WS-3_2025-Dec.xlsx,372698,8307aaf4d19df708311c81a5a23a5b07ba92276c374c3ee8ba31cfb094033de3,WS-3,EMI03,POA,,standardized,0,,
RSI_01_PLTS-IKN_WS-3_2025-Dec.xlsx,2025/WS-3/Desember/RSI_01_PLTS-IKN_WS-3_2025-Dec.xlsx,372705,10a7868fefb3316d4497d56628d19725c9601eb72f6b0b27e27ae70269228900,WS-3,EMI03,RSI,RSI_01,standardized,0,,
RSI_02_PLTS-IKN_WS-3_2025-Dec.xlsx,2025/WS-3/Desember/RSI_02_PLTS-IKN_WS-3_2025-Dec.xlsx,372704,deafc693d55388317dfb17daa2f5aebf33bf45896109bef1d5a9321104f51158,WS-3,EMI03,RSI,RSI_02,standardized,0,,
RSI_03_PLTS-IKN_WS-3_2025-Dec.xlsx,2025/WS-3/Desember/RSI_03_PLTS-IKN_WS-3_2025-Dec.xlsx,372703,2196b608847f0ed0dd257afe7b6f40dd758733812d2c9d620dc4a38c56372341,WS-3,EMI03,RSI,RSI_03,standardized,0,,
DHI WS-3 PLTS IKN.xlsx,2025/WS-3/Januari - Juni/DHI WS-3 PLTS IKN.xlsx,10268479,8a42fae35fc45e561359708b902d864c1d0caeebe5050fed0795ba4bd284f5f1,WS-3,EMI03,DHI,,legacy,268774,2025-01-12 21:08:38.799,2025-07-17 13:34:25.211
DNI cosZ WS-3 PLTS IKN.xlsx,2025/WS-3/Januari - Juni/DNI cosZ WS-3 PLTS IKN.xlsx,3420342,b751e69ab55e81a22d4fa2723e3895739fb08471fe3a79c9957c25f1ab95f756,WS-3,EMI03,DNIcosZ,,legacy,41609,2025-01-15 08:18:47.689,2025-07-20 15:15:54.327
GHI WS-3 PLTS IKN.xlsx,2025/WS-3/Januari - Juni/GHI WS-3 PLTS IKN.xlsx,5604919,e460f2036cb023c8df4db6f7508062c480a3fe3d60e92c35ac599d8c5d59f4d6,WS-3,EMI03,GHI,,legacy,110541,2025-01-12 21:08:23.720,2025-07-20 16:12:27.577
POA WS-3 PLTS IKN.xlsx,2025/WS-3/Januari - Juni/POA WS-3 PLTS IKN.xlsx,4427468,fe4cf4124c97c4c00b19dbbb0473de0647f4807622a8e71828cf838dadfbe017,WS-3,EMI03,POA,,legacy,74810,2025-01-12 21:08:23.720,2025-06-25 15:56:39.696
RSI 01 WS-3 PLTS IKN.xlsx,2025/WS-3/Januari - Juni/RSI 01 WS-3 PLTS IKN.xlsx,2205438,aba3e53a4589182e2b1a8b75918991ce79caaaa39da739d7e487a90cdb196eed,WS-3,EMI03,RSI,RSI_01,legacy,643,2025-01-12 21:08:23.720,2025-04-30 18:56:21.490
RSI 02 WS-3 PLTS IKN.xlsx,2025/WS-3/Januari - Juni/RSI 02 WS-3 PLTS IKN.xlsx,2992915,3363b458a3f6ce94eaa64a84fc99b6b4af5dafc2b40591b0f902e8637419e91d,WS-3,EMI03,RSI,RSI_02,legacy,80272,2025-01-12 21:08:38.799,2025-07-16 16:25:36.348
RSI 03 WS-3 PLTS IKN.xlsx,2025/WS-3/Januari - Juni/RSI 03 WS-3 PLTS IKN.xlsx,2309801,2602ab1aee03a4d9ebfd207fbc60d92d693b9e10627e01fbad0978b4db1dd2c2,WS-3,EMI03,RSI,RSI_03,legacy,3040,2025-01-12 21:08:23.720,2025-04-30 18:56:21.490
DHI WS-3 PLTS IKN Juli 2025.xlsx,2025/WS-3/Juli/DHI WS-3 PLTS IKN Juli 2025.xlsx,758639,4d58b483bf13a11f1e1e2b34fe611b7c5897159b915875629bd33a2122f04710,WS-3,EMI03,DHI,,legacy,12773,2025-07-24 08:53:41.207,2025-07-31 18:13:38.966
DNI cosZ WS-3 PLTS IKN Juli 2025.xlsx,2025/WS-3/Juli/DNI cosZ WS-3 PLTS IKN Juli 2025.xlsx,617889,1c7681282bbb289568059431775e76de99bb23ca460c16238962c2f5dc75943d,WS-3,EMI03,DNIcosZ,,legacy,6772,2025-07-01 11:04:27.914,2025-07-31 16:58:06.240
GHI WS-3 PLTS IKN Juli 2025.xlsx,2025/WS-3/Juli/GHI WS-3 PLTS IKN Juli 2025.xlsx,1532696,cfe540bc2641396c8ad063a5890dab8eff7c62da2c3bd2aef2871de2a1cf62c3,WS-3,EMI03,GHI,,legacy,45566,2025-07-01 06:25:58.663,2025-07-31 18:13:38.966
POA WS-3 PLTS IKN Juli 2025.xlsx,2025/WS-3/Juli/POA WS-3 PLTS IKN Juli 2025.xlsx,452423,e24d74a58bb90c641fd2dba9e4da9d67eb9d2b14c04751abbf47215ca3525fbf,WS-3,EMI03,POA,,legacy,0,,
RSI 01 WS-3 PLTS IKN Juli 2025.xlsx,2025/WS-3/Juli/RSI 01 WS-3 PLTS IKN Juli 2025.xlsx,452746,4e92444d2a3521f0f5d06482307aae465a625d864c2a7cbb3dcec2ae641510d1,WS-3,EMI03,RSI,RSI_01,legacy,0,,
RSI 02 WS-3 PLTS IKN Juli 2025.xlsx,2025/WS-3/Juli/RSI 02 WS-3 PLTS IKN Juli 2025.xlsx,454770,1c6105ca3beea29df11929d0156b8822de710e7e19b280430910d11360a61a8b,WS-3,EMI03,RSI,RSI_02,legacy,0,,
RSI 03 WS-3 PLTS IKN Juli 2025.xlsx,2025/WS-3/Juli/RSI 03 WS-3 PLTS IKN Juli 2025.xlsx,454576,0d32e00c16ddfb3f1030b8caac8f92b6b7784fb8056128a7c05d94dd38f371d5,WS-3,EMI03,RSI,RSI_03,legacy,0,,
DHI WS-3 PLTS IKN November 2025.xlsx,2025/WS-3/November/DHI WS-3 PLTS IKN November 2025.xlsx,1477800,5d5430b3c1cb55ada73b7cbd90528a5398e0f9303e60dbf65125e572380542ee,WS-3,EMI03,DHI,,legacy,43525,2025-11-01 05:57:09.755,2025-11-30 17:55:50.337
DNI cosZ WS-3 PLTS IKN November 2025.xlsx,2025/WS-3/November/DNI cosZ WS-3 PLTS IKN November 2025.xlsx,459099,74c25a5fbf57743eb18989c8e600ca4c303d55da47f59989b3c34c6c0756c3d5,WS-3,EMI03,DNIcosZ,,legacy,449,2025-11-04 07:25:38.317,2025-11-29 13:03:22.549
GHI WS-3 PLTS IKN November 2025.xlsx,2025/WS-3/November/GHI WS-3 PLTS IKN November 2025.xlsx,1469546,a3fae8f8a694206769179f31da810601ca69d4f7f4f550e0bb3bf0edc88e7f6f,WS-3,EMI03,GHI,,legacy,43090,2025-11-01 05:57:46.076,2025-11-30 17:54:24.492
POA WS-3 PLTS IKN November 2025.xlsx,2025/WS-3/November/POA WS-3 PLTS IKN November 2025.xlsx,448931,7f90eb21f378e81d020719674614be140224f39f73c338d48121414fd69c75cf,WS-3,EMI03,POA,,legacy,0,,
RSI 01 WS-3 PLTS IKN November 2025.xlsx,2025/WS-3/November/RSI 01 WS-3 PLTS IKN November 2025.xlsx,448851,512be3cd046eea71ac4c34b94b628ea8cd90793f15d15069738b0e01dc2a0499,WS-3,EMI03,RSI,RSI_01,legacy,0,,
RSI 02 WS-3 PLTS IKN November 2025.xlsx,2025/WS-3/November/RSI 02 WS-3 PLTS IKN November 2025.xlsx,448957,74fc9191b90c0f032b7b715c13c2703b2163e1c3223f3702a9ae9b5049fa9f4f,WS-3,EMI03,RSI,RSI_02,legacy,0,,
RSI 03 WS-3 PLTS IKN November 2025.xlsx,2025/WS-3/November/RSI 03 WS-3 PLTS IKN November 2025.xlsx,448936,84e1e6a104885f6ad76d20ba1441e7e0d7699ee53f9ac3499a68d34902722840,WS-3,EMI03,RSI,RSI_03,legacy,0,,
DHI WS-3 PLTS IKN Oktober 2025.xlsx,2025/WS-3/Oktober/DHI WS-3 PLTS IKN Oktober 2025.xlsx,1502773,5d2027974aaff05983d0dafe665822d8b93f8ef74f30a6d80698d771565e547b,WS-3,EMI03,DHI,,legacy,44350,2025-10-01 06:04:52.052,2025-10-31 17:54:22.208
DNI cosZ WS-3 PLTS IKN Oktober 2025.xlsx,2025/WS-3/Oktober/DNI cosZ WS-3 PLTS IKN Oktober 2025.xlsx,480125,566d39f7b767608aed17217dc191b01223703832bedf6be3d64959215ef84d4c,WS-3,EMI03,DNIcosZ,,legacy,1159,2025-10-04 07:34:17.076,2025-10-31 08:55:14.361
GHI WS-3 PLTS IKN Oktober 2025.xlsx,2025/WS-3/Oktober/GHI WS-3 PLTS IKN Oktober 2025.xlsx,1490492,4373a0a4f5ce965f7a1d47a76445342e8cf890833c9ed1cce8bde8bceaa60031,WS-3,EMI03,GHI,,legacy,43760,2025-10-01 06:06:44.140,2025-10-31 17:54:22.208
POA WS-3 PLTS IKN Oktober 2025.xlsx,2025/WS-3/Oktober/POA WS-3 PLTS IKN Oktober 2025.xlsx,452430,32ea6861435893956248bee1873d11f3c1a360d0f14110599079e3ebf387ec7d,WS-3,EMI03,POA,,legacy,1,2025-10-24 06:58:02.188,2025-10-24 06:58:02.188
RSI 01 WS-3 PLTS IKN Oktober 2025.xlsx,2025/WS-3/Oktober/RSI 01 WS-3 PLTS IKN Oktober 2025.xlsx,452788,13485f376b7a844b6894529ad70aa4d2176d7a52b2383079e4399c524ee70d86,WS-3,EMI03,RSI,RSI_01,legacy,1,2025-10-24 06:58:02.188,2025-10-24 06:58:02.188
RSI 02 WS-3 PLTS IKN Oktober 2025.xlsx,2025/WS-3/Oktober/RSI 02 WS-3 PLTS IKN Oktober 2025.xlsx,454940,3467c8a8f71bdeda4b109778703928d652173185f077389a7472961726c18297,WS-3,EMI03,RSI,RSI_02,legacy,1,2025-10-24 06:58:02.188,2025-10-24 06:58:02.188
RSI 03 WS-3 PLTS IKN Oktober 2025.xlsx,2025/WS-3/Oktober/RSI 03 WS-3 PLTS IKN Oktober 2025.xlsx,454631,b68c3ad6612fd9111cba1a44b14cc1b46dbf1b0fce85d1dae12fef427c8fe643,WS-3,EMI03,RSI,RSI_03,legacy,1,2025-10-24 06:58:02.188,2025-10-24 06:58:02.188
DHI WS-3 PLTS IKN September 2025.xlsx,2025/WS-3/September/DHI WS-3 PLTS IKN September 2025.xlsx,1509696,3cb767697a0551660fc535eddb231f7e86ccdf12696803bb3a27f43db93cf478,WS-3,EMI03,DHI,,legacy,45080,2025-09-01 06:20:05.687,2025-09-30 17:59:29.158
DNI cosZ WS-3 PLTS IKN September 2025.xlsx,2025/WS-3/September/DNI cosZ WS-3 PLTS IKN September 2025.xlsx,460061,db2fbd6754ef0ea974c53f02882bdf5d4f3decdb53f1a53a60431c9376249e6b,WS-3,EMI03,DNIcosZ,,legacy,575,2025-09-01 16:10:30.652,2025-09-28 17:40:39.221
GHI WS-3 PLTS IKN September 2025.xlsx,2025/WS-3/September/GHI WS-3 PLTS IKN September 2025.xlsx,1499328,ddfa66ea3574fd9a615a3dd600aba2e1629603a93716f715117224de7f97a5cf,WS-3,EMI03,GHI,,legacy,44546,2025-09-01 06:20:05.687,2025-09-30 17:59:12.645
POA WS-3 PLTS IKN September 2025.xlsx,2025/WS-3/September/POA WS-3 PLTS IKN September 2025.xlsx,446243,100d429f61261925fdb1c8dd6321b4b27e8cc6d6db5d195cc6806e33b9043b89,WS-3,EMI03,POA,,legacy,13,2025-09-01 16:10:30.652,2025-09-16 08:00:30.650
RSI 01 WS-3 PLTS IKN September 2025.xlsx,2025/WS-3/September/RSI 01 WS-3 PLTS IKN September 2025.xlsx,445635,125d9105c098158937b6e5d0ed5675b81997b91d0fb57a1993f49556fe6d8486,WS-3,EMI03,RSI,RSI_01,legacy,13,2025-09-01 16:10:30.652,2025-09-16 08:00:30.650
RSI 02 WS-3 PLTS IKN September 2025.xlsx,2025/WS-3/September/RSI 02 WS-3 PLTS IKN September 2025.xlsx,445634,a7e9c2cacebb7d303385af220c40f96890caa078b74601e2a072b24ea6e3ce1b,WS-3,EMI03,RSI,RSI_02,legacy,13,2025-09-01 16:10:30.652,2025-09-16 08:00:30.650
RSI 03 WS-3 PLTS IKN September 2025.xlsx,2025/WS-3/September/RSI 03 WS-3 PLTS IKN September 2025.xlsx,446272,8e08d3c0c36c469c211917fc55576f88160e7345e93f2aa64a64f54b9ac4545c,WS-3,EMI03,RSI,RSI_03,legacy,13,2025-09-01 16:10:30.652,2025-09-16 08:00:30.650
DHI WS-4 PLTS IKN Agustus 2025.xlsx,2025/WS-4/Agustus/DHI WS-4 PLTS IKN Agustus 2025.xlsx,1519692,8bb4f367d460a37ddaf82b6183380f9989a69518faa90af294328d67c2c602f2,WS-4,EMI04,DHI,,legacy,45233,2025-08-01 06:25:11.567,2025-08-31 18:08:03.936
DNI cosZ WS-4 PLTS IKN Agustus 2025.xlsx,2025/WS-4/Agustus/DNI cosZ WS-4 PLTS IKN Agustus 2025.xlsx,487646,15f5c760cd8317b52b444a4b634757f279b336457e817b480328fe9cb0eef004,WS-4,EMI04,DNIcosZ,,legacy,1375,2025-08-01 10:48:10.944,2025-08-30 15:40:14.841
GHI WS-4 PLTS IKN Agustus 2025.xlsx,2025/WS-4/Agustus/GHI WS-4 PLTS IKN Agustus 2025.xlsx,1526449,9e2004ef575ed9a6067d3d5c1083660fe541a8064f3a20ede9db279fe4e4bce0,WS-4,EMI04,GHI,,legacy,45402,2025-08-01 06:25:11.567,2025-08-31 18:08:03.936
POA WS-4 PLTS IKN Agustus 2025.xlsx,2025/WS-4/Agustus/POA WS-4 PLTS IKN Agustus 2025.xlsx,1530246,864590edcb963fb51c7adfcb3a0d431fffcd468354dbd0c182cbc03b466cd7d9,WS-4,EMI04,POA,,legacy,45672,2025-08-01 06:24:55.052,2025-08-31 18:08:40.280
RSI 01 WS-4 PLTS IKN Agustus 2025.xlsx,2025/WS-4/Agustus/RSI 01 WS-4 PLTS IKN Agustus 2025.xlsx,668654,d13e0514205b61962b2701d598eb5ac609549b34b02d2f436fddc39015e4b3e3,WS-4,EMI04,RSI,RSI_01,legacy,9264,2025-08-01 07:57:00.046,2025-08-30 15:40:14.841
RSI 02 WS-4 PLTS IKN Agustus 2025.xlsx,2025/WS-4/Agustus/RSI 02 WS-4 PLTS IKN Agustus 2025.xlsx,636216,aa497240334ab5d987076efe911e26cbb807ea571a601dba8f3585b491518dfb,WS-4,EMI04,RSI,RSI_02,legacy,7791,2025-08-01 08:16:56.629,2025-08-30 15:40:14.841
RSI 03 WS-4 PLTS IKN Agustus 2025.xlsx,2025/WS-4/Agustus/RSI 03 WS-4 PLTS IKN Agustus 2025.xlsx,644973,fa2eea342f6dd7d985efa4cd9d4f0b70be598a278c0550f44d9baa66eb169fc4,WS-4,EMI04,RSI,RSI_03,legacy,8194,2025-08-01 08:16:56.629,2025-08-30 15:40:14.841
DHI_PLTS-IKN_WS-4_2025-Dec.xlsx,2025/WS-4/Desember/DHI_PLTS-IKN_WS-4_2025-Dec.xlsx,1237042,e1202d2c77276d0e98dbece5c77a81fd5193b39dd2bf189c691eeabd7053715d,WS-4,EMI04,DHI,,standardized,46298,2025-12-01 06:08:22.205,2025-12-31 18:12:00.144
DNIcosZ_PLTS-IKN_WS-4_2025-Dec.xlsx,2025/WS-4/Desember/DNIcosZ_PLTS-IKN_WS-4_2025-Dec.xlsx,397025,3beaf5ae8aa298ac2149a83ae6a2f275689b885175540c12fc26d328869cb42d,WS-4,EMI04,DNIcosZ,,standardized,1207,2025-12-01 06:49:39.664,2025-12-31 12:48:06.589
GHI_PLTS-IKN_WS-4_2025-Dec.xlsx,2025/WS-4/Desember/GHI_PLTS-IKN_WS-4_2025-Dec.xlsx,1249778,6cedeb51fe323ca9a462c5b8ef47f10d5a15d54596f60d044d8a0834a14e1ed2,WS-4,EMI04,GHI,,standardized,46912,2025-12-01 06:07:49.204,2025-12-31 18:12:00.144
POA_PLTS-IKN_WS-4_2025-Dec.xlsx,2025/WS-4/Desember/POA_PLTS-IKN_WS-4_2025-Dec.xlsx,1239295,c947bb8cc7be43a5b415e82bc9be79feaef4797c3d3bfa8be60cee6a8d87cfd6,WS-4,EMI04,POA,,standardized,46404,2025-12-01 06:07:49.204,2025-12-31 18:11:43.616
RSI_01_PLTS-IKN_WS-4_2025-Dec.xlsx,2025/WS-4/Desember/RSI_01_PLTS-IKN_WS-4_2025-Dec.xlsx,372797,9f0d0ab59023be78d16d3faa7227658743dc9ad64c32fe95e144bf438e672077,WS-4,EMI04,RSI,RSI_01,standardized,3,2025-12-01 06:49:39.664,2025-12-01 08:11:47.483
RSI_02_PLTS-IKN_WS-4_2025-Dec.xlsx,2025/WS-4/Desember/RSI_02_PLTS-IKN_WS-4_2025-Dec.xlsx,481334,bf663fbf1210da7c29c6d65ee7d738a3671c3019998865c6255f59012c52f918,WS-4,EMI04,RSI,RSI_02,standardized,6652,2025-12-01 06:49:39.664,2025-12-31 14:17:24.453
RSI_03_PLTS-IKN_WS-4_2025-Dec.xlsx,2025/WS-4/Desember/RSI_03_PLTS-IKN_WS-4_2025-Dec.xlsx,491116,64ac6a15dcb922a4007b16ae4d74b291e14875e0e9fb08f24642cb2f68a095b4,WS-4,EMI04,RSI,RSI_03,standardized,7246,2025-12-01 06:49:39.664,2025-12-31 14:19:43.114
DHI WS-4 PLTS IKN.xlsx,2025/WS-4/Januari - Juni/DHI WS-4 PLTS IKN.xlsx,11149246,38d696c50eae8e0da15a6bbcbc4d9cb351901b6a752c6c0887cc5968db0a490b,WS-4,EMI04,DHI,,legacy,280402,2025-01-15 08:00:12.854,2025-07-22 18:13:05.073
DNI cosZ WS-4 PLTS IKN.xlsx,2025/WS-4/Januari - Juni/DNI cosZ WS-4 PLTS IKN.xlsx,4704588,cca0f1ebece120ad26467e55885c47c20adb21899dfff43a1d3da46878904354,WS-4,EMI04,DNIcosZ,,legacy,83197,2025-01-12 20:26:22.451,2025-07-22 12:00:51.085
GHI WS-4 PLTS IKN.xlsx,2025/WS-4/Januari - Juni/GHI WS-4 PLTS IKN.xlsx,11966324,2b3b96d0b751899c834c4b4d75dab7deeb5af03c7b7437469a72514c96f1227d,WS-4,EMI04,GHI,,legacy,304676,2025-01-12 20:26:22.451,2025-07-22 18:13:05.073
POA WS-4 PLTS IKN.xlsx,2025/WS-4/Januari - Juni/POA WS-4 PLTS IKN.xlsx,11997748,0c61aac26822ef986e14c799fd699e0700a555959b548c9f63df008f30ffa60f,WS-4,EMI04,POA,,legacy,305645,2025-01-12 20:26:22.451,2025-07-22 18:13:37.974
RSI 01 WS-4 PLTS IKN.xlsx,2025/WS-4/Januari - Juni/RSI 01 WS-4 PLTS IKN.xlsx,3837383,f6bb44271f0bb0d1664fc43b9dfb612b9a4cfa75b3b5f8b9ce5807818c5faabf,WS-4,EMI04,RSI,RSI_01,legacy,58057,2025-01-15 10:15:52.812,2025-07-22 16:19:21.488
RSI 02 WS-4 PLTS IKN.xlsx,2025/WS-4/Januari - Juni/RSI 02 WS-4 PLTS IKN.xlsx,3783315,4202676742cf34e24e40ea3b02760cfea1ce06e57a8e0674ab666c4130064149,WS-4,EMI04,RSI,RSI_02,legacy,55407,2025-01-12 20:26:22.451,2025-07-22 16:19:21.488
RSI 03 WS-4 PLTS IKN.xlsx,2025/WS-4/Januari - Juni/RSI 03 WS-4 PLTS IKN.xlsx,3822110,bd9da8c89ec8cff8dd2c4b54f6c6bca346418603577003111d03447fe7921996,WS-4,EMI04,RSI,RSI_03,legacy,56530,2025-01-12 20:26:22.451,2025-07-22 16:19:21.488
DHI WS-4 PLTS IKN Juli 2025.xlsx,2025/WS-4/Juli/DHI WS-4 PLTS IKN Juli 2025.xlsx,1595808,335e555b92d0fc669d614d90fffc0bc13391b8b805b76741bf51079a9ca771c0,WS-4,EMI04,DHI,,legacy,48447,2025-07-01 06:25:38.354,2025-07-31 18:13:33.103
DNI cosZ WS-4 PLTS IKN Juli 2025.xlsx,2025/WS-4/Juli/DNI cosZ WS-4 PLTS IKN Juli 2025.xlsx,589794,d4394f34c5e1e7ce0a5f2c751d68a45ed8e39006b5d285ef9c69e8aa3b047dad,WS-4,EMI04,DNIcosZ,,legacy,5589,2025-07-01 10:31:34.045,2025-07-31 12:02:24.467
GHI WS-4 PLTS IKN Juli 2025.xlsx,2025/WS-4/Juli/GHI WS-4 PLTS IKN Juli 2025.xlsx,1618997,99a485af64a700305b557a4086754bf8f84c30e409a3615963e5f6044555f179,WS-4,EMI04,GHI,,legacy,49255,2025-07-01 06:25:54.820,2025-07-31 18:13:16.574
POA WS-4 PLTS IKN Juli 2025.xlsx,2025/WS-4/Juli/POA WS-4 PLTS IKN Juli 2025.xlsx,1628729,8f74fa8d3f971d1533c2f923b73818e10ca607ba55621239076f657187c46e0f,WS-4,EMI04,POA,,legacy,49654,2025-07-01 06:25:54.820,2025-07-31 18:14:22.586
RSI 01 WS-4 PLTS IKN Juli 2025.xlsx,2025/WS-4/Juli/RSI 01 WS-4 PLTS IKN Juli 2025.xlsx,744384,569151dcd66c69de1bd160abc080d8ee2576ca97e3db3e619a3d3286d28370cd,WS-4,EMI04,RSI,RSI_01,legacy,12648,2025-07-01 07:07:33.767,2025-07-31 15:28:45.554
RSI 02 WS-4 PLTS IKN Juli 2025.xlsx,2025/WS-4/Juli/RSI 02 WS-4 PLTS IKN Juli 2025.xlsx,706597,59afd8dba0d726bbff0d0e5347b5336a23e7b42aa408a312c4dbcb20042ac745,WS-4,EMI04,RSI,RSI_02,legacy,10920,2025-07-01 08:16:37.205,2025-07-31 15:28:22.456
RSI 03 WS-4 PLTS IKN Juli 2025.xlsx,2025/WS-4/Juli/RSI 03 WS-4 PLTS IKN Juli 2025.xlsx,727411,7e4b9858a0b8da59f56be2c4a04366e1f006760fffb98f499fa360c88173362a,WS-4,EMI04,RSI,RSI_03,legacy,11800,2025-07-01 08:08:42.343,2025-07-31 15:28:22.456
DHI WS-4 PLTS IKN November 2025.xlsx,2025/WS-4/November/DHI WS-4 PLTS IKN November 2025.xlsx,1520550,304ec0877ced39cbf7a49e4623e443d51adfd61f2414a802d98104da0ac35b2b,WS-4,EMI04,DHI,,legacy,45500,2025-11-01 05:57:45.842,2025-11-30 18:04:16.027
DNI cosZ WS-4 PLTS IKN November 2025.xlsx,2025/WS-4/November/DNI cosZ WS-4 PLTS IKN November 2025.xlsx,519976,748d6bcba3a81f446187c982533f74d71694b6d8750e542c6487a3a864749fad,WS-4,EMI04,DNIcosZ,,legacy,2891,2025-11-01 06:29:37.566,2025-11-30 18:04:16.027
GHI WS-4 PLTS IKN November 2025.xlsx,2025/WS-4/November/GHI WS-4 PLTS IKN November 2025.xlsx,1564858,64020b2d6bb2322d1252986bb7ac055f10634095d5ce70f18eefb73efd2b3e1a,WS-4,EMI04,GHI,,legacy,47364,2025-11-01 05:57:12.817,2025-11-30 18:04:16.027
POA WS-4 PLTS IKN November 2025.xlsx,2025/WS-4/November/POA WS-4 PLTS IKN November 2025.xlsx,1551129,22fead4c7175919f1ab48e3b10f0cd8d461b3db338cc61c21a2db0245725c2c9,WS-4,EMI04,POA,,legacy,46769,2025-11-01 05:57:29.314,2025-11-30 18:04:16.043
RSI 01 WS-4 PLTS IKN November 2025.xlsx,2025/WS-4/November/RSI 01 WS-4 PLTS IKN November 2025.xlsx,455132,dcf29cfa07663601ff8ddfb2d55bc6227f139307fc6abd7b2a46b2ecf0b034cd,WS-4,EMI04,RSI,RSI_01,legacy,170,2025-11-01 11:52:53.257,2025-11-30 18:04:16.043
RSI 02 WS-4 PLTS IKN November 2025.xlsx,2025/WS-4/November/RSI 02 WS-4 PLTS IKN November 2025.xlsx,645365,0f8013e97b18ad7d0a742281d6be05b269b1442cdfcf62fe2f09b3e8b59ae10f,WS-4,EMI04,RSI,RSI_02,legacy,8457,2025-11-01 08:53:34.024,2025-11-30 18:04:16.043
RSI 03 WS-4 PLTS IKN November 2025.xlsx,2025/WS-4/November/RSI 03 WS-4 PLTS IKN November 2025.xlsx,655840,597781073a1b0f680946e90eaaf68507fd45b23e791d999f1e68ee03060f9b03,WS-4,EMI04,RSI,RSI_03,legacy,8865,2025-11-01 08:39:42.067,2025-11-30 18:04:16.043
DHI WS-4 PLTS IKN Oktober 2025.xlsx,2025/WS-4/Oktober/DHI WS-4 PLTS IKN Oktober 2025.xlsx,1550946,16eb06ed675aa336d7febd874d5bd015edc8e34347c9cfdb57481eac2a00feb8,WS-4,EMI04,DHI,,legacy,46532,2025-10-01 06:05:08.393,2025-10-31 18:10:36.428
DNI cosZ WS-4 PLTS IKN Oktober 2025.xlsx,2025/WS-4/Oktober/DNI cosZ WS-4 PLTS IKN Oktober 2025.xlsx,478068,a8881de0da4ddf2009dd7bb20f8a13b1e0f15894c4fadd4f802285061afd664f,WS-4,EMI04,DNIcosZ,,legacy,950,2025-10-01 09:59:52.776,2025-10-31 18:10:36.428
GHI WS-4 PLTS IKN Oktober 2025.xlsx,2025/WS-4/Oktober/GHI WS-4 PLTS IKN Oktober 2025.xlsx,1554106,f4860535911cbce054a7f2bc8f41570c9ff9b23e0aed10034229c2f6a898e674,WS-4,EMI04,GHI,,legacy,46618,2025-10-01 06:05:41.309,2025-10-31 18:10:36.428
POA WS-4 PLTS IKN Oktober 2025.xlsx,2025/WS-4/Oktober/POA WS-4 PLTS IKN Oktober 2025.xlsx,1545255,83f65c9346fd6a98ecb25292b2d47b2e3bf269d494afd7fe205e04051b031d81,WS-4,EMI04,POA,,legacy,46355,2025-10-01 06:05:41.309,2025-10-31 18:10:36.428
RSI 01 WS-4 PLTS IKN Oktober 2025.xlsx,2025/WS-4/Oktober/RSI 01 WS-4 PLTS IKN Oktober 2025.xlsx,459935,36e7e39477a8e1f466d0e111bd4f34103d0cd6b72f0613ea7764c948fd9382ba,WS-4,EMI04,RSI,RSI_01,legacy,224,2025-10-01 09:59:52.776,2025-10-31 18:10:36.428
RSI 02 WS-4 PLTS IKN Oktober 2025.xlsx,2025/WS-4/Oktober/RSI 02 WS-4 PLTS IKN Oktober 2025.xlsx,647999,0ceabf9aa759d5d3269e061f97032a985759d76710de53a42ebe4cc50d9c224d,WS-4,EMI04,RSI,RSI_02,legacy,8284,2025-10-01 08:38:01.265,2025-10-31 18:10:36.428
RSI 03 WS-4 PLTS IKN Oktober 2025.xlsx,2025/WS-4/Oktober/RSI 03 WS-4 PLTS IKN Oktober 2025.xlsx,652324,5112a5a2f816abb4109aee25aacccd54ed72edc9ba58e1a27787baab52d8a8e3,WS-4,EMI04,RSI,RSI_03,legacy,8465,2025-10-01 08:38:01.265,2025-10-31 18:10:36.428
DHI WS-4 PLTS IKN September 2025.xlsx,2025/WS-4/September/DHI WS-4 PLTS IKN September 2025.xlsx,1532776,a5e2fd66343d4fb86574ff08d41724cd43e5b5780a17c32d898e49cc769cfa9e,WS-4,EMI04,DHI,,legacy,46042,2025-09-01 06:20:35.141,2025-09-30 17:59:08.552
DNI cosZ WS-4 PLTS IKN September 2025.xlsx,2025/WS-4/September/DNI cosZ WS-4 PLTS IKN September 2025.xlsx,454552,6ee91b49b076eaf7c4a09c9a6919cfbdcf365948a28cc4d1fb88f9c1cff189ea,WS-4,EMI04,DNIcosZ,,legacy,280,2025-09-01 13:23:45.461,2025-09-30 12:22:48.846
GHI WS-4 PLTS IKN September 2025.xlsx,2025/WS-4/September/GHI WS-4 PLTS IKN September 2025.xlsx,1532827,438a03f1f3af77d6ec940b65eb7fdd0914fd4d8b2c84a51a05c421ff8f81da48,WS-4,EMI04,GHI,,legacy,46035,2025-09-01 06:20:35.141,2025-09-30 17:59:08.552
POA WS-4 PLTS IKN September 2025.xlsx,2025/WS-4/September/POA WS-4 PLTS IKN September 2025.xlsx,1533184,de9e6cb17adcfaaea75996bf92887831754b99328310fa9ac9a89a1925af3c21,WS-4,EMI04,POA,,legacy,46040,2025-09-01 06:21:04.844,2025-09-30 17:59:25.018
RSI 01 WS-4 PLTS IKN September 2025.xlsx,2025/WS-4/September/RSI 01 WS-4 PLTS IKN September 2025.xlsx,448527,96a5b9c417a748a441bd74ba044758b1c8bfa2bb731854bf4c7c2f2029f1c863,WS-4,EMI04,RSI,RSI_01,legacy,92,2025-09-01 16:10:33.120,2025-09-30 12:22:48.846
RSI 02 WS-4 PLTS IKN September 2025.xlsx,2025/WS-4/September/RSI 02 WS-4 PLTS IKN September 2025.xlsx,650864,26a481e4d3f4a2a1e5ceb271d4b0a5f13f8e7c4d97afe92ce053d0619833cf39,WS-4,EMI04,RSI,RSI_02,legacy,8864,2025-09-01 08:06:29.386,2025-09-30 12:38:27.376
RSI 03 WS-4 PLTS IKN September 2025.xlsx,2025/WS-4/September/RSI 03 WS-4 PLTS IKN September 2025.xlsx,647747,e6d41b5e36cf0912063073986b46e268d3125a2e592012a610aea4aad51c4645,WS-4,EMI04,RSI,RSI_03,legacy,8661,2025-09-01 08:06:29.386,2025-09-30 12:36:54.909
Total Irradiance WS-5 PLTS IKN Agustus 2025.xlsx,2025/WS-5/Agustus/Total Irradiance WS-5 PLTS IKN Agustus 2025.xlsx,706004,2f3aab598ef16136a7efdb1a377dc348efc188665520ec5e12fc05649223498e,WS-5,EMI05,GHI,,legacy,10636,2025-08-01 06:08:09.621,2025-08-30 15:40:12.372
Total_Irradiance_PLTS-IKN_WS-5_2025-Dec.xlsx,2025/WS-5/Desember/Total_Irradiance_PLTS-IKN_WS-5_2025-Dec.xlsx,1637023,73fedb05b788f6e6abe9431a4a6dfcaadfcf1e3f364d6c7b9f09f7b8b477ec3f,WS-5,EMI05,GHI,,standardized,52751,2025-12-24 06:19:05.351,2025-12-31 18:11:50.958
Total Irradiance WS-5 PLTS IKN.xlsx,2025/WS-5/Januari - Juni/Total Irradiance WS-5 PLTS IKN.xlsx,94729912,16ab00c8c24b3a7b88bb9d97e780c492eea50b4489b4917ad6fb3bec731f4f44,WS-5,EMI05,GHI,,legacy,733145,2024-12-21 19:33:52.096,2025-01-31 23:18:56.508
Total Irradiance WS-5 PLTS IKN Juli 2025.xlsx,2025/WS-5/Juli/Total Irradiance WS-5 PLTS IKN Juli 2025.xlsx,7056606,f8535114c51c90280c9558cff34fd40a3a61afc94c92ccd9893b56949933eb76,WS-5,EMI05,GHI,,legacy,269006,2025-07-07 05:41:46.059,2025-07-31 18:29:18.196
Total Irradiance WS-5 PLTS IKN November 2025.xlsx,2025/WS-5/November/Total Irradiance WS-5 PLTS IKN November 2025.xlsx,448558,d49faa9539e46c2bca2d11ea3509eb462f716358dbcec23295fba0e3ee882c96,WS-5,EMI05,GHI,,legacy,1,2025-11-10 09:16:06.279,2025-11-10 09:16:06.279
Total Irradiance WS-5 PLTS IKN Oktober 2025.xlsx,2025/WS-5/Oktober/Total Irradiance WS-5 PLTS IKN Oktober 2025.xlsx,461501,7baad12265890e5e7abe64cb93cfd80aebf60b8c13d8aecd7714e1122ddc1ad5,WS-5,EMI05,GHI,,legacy,249,2025-10-01 09:59:46.246,2025-10-29 16:22:04.888
Total Irradiance WS-5 PLTS IKN September 2025.xlsx,2025/WS-5/September/Total Irradiance WS-5 PLTS IKN September 2025.xlsx,985089,c5a78f4f4793a86ea3d69275937ee3e44c73d09d4bb09175248659e8f7e3729a,WS-5,EMI05,GHI,,legacy,23221,2025-09-01 13:01:04.519,2025-09-30 12:23:06.952
DHI_PLTS-IKN_WS-1_2026-Apr.xlsx,2026/WS-1/April/DHI_PLTS-IKN_WS-1_2026-Apr.xlsx,1450496,eb45e8ea6f01764e31e6a94b3fa0e658cbf65f2b6d582ff4b09cd9a8c36a793f,WS-1,EMI01,DHI,,standardized,54105,2026-04-01 06:14:06.600,2026-04-30 17:06:51.381
DNIcosZ_PLTS-IKN_WS-1_2026-Apr.xlsx,2026/WS-1/April/DNIcosZ_PLTS-IKN_WS-1_2026-Apr.xlsx,431452,755043e90f6abf8c9c6f67c88e2aa538381d0cc73355dbda3b6cc1ab43124767,WS-1,EMI01,DNIcosZ,,standardized,0,,
GHI_PLTS-IKN_WS-1_2026-Apr.xlsx,2026/WS-1/April/GHI_PLTS-IKN_WS-1_2026-Apr.xlsx,1809721,3395e6c57f690416e7c93e4cea5b4ad03d63cc1d69f6830a5133c5394d79360f,WS-1,EMI01,GHI,,standardized,55608,2026-04-01 06:14:06.600,2026-04-30 17:06:51.381
POA_PLTS-IKN_WS-1_2026-Apr.xlsx,2026/WS-1/April/POA_PLTS-IKN_WS-1_2026-Apr.xlsx,431454,1de11bb2dd9e502541b24be03d6bfad304c7297161cfb9bc8502a3c3b77c6ef5,WS-1,EMI01,POA,,standardized,0,,
RSI_01_PLTS-IKN_WS-1_2026-Apr.xlsx,2026/WS-1/April/RSI_01_PLTS-IKN_WS-1_2026-Apr.xlsx,431452,eeec157c4c840105cc26302e1e4a6260449e2b5e45577eb82a77ba8d32c37cc5,WS-1,EMI01,RSI,RSI_01,standardized,0,,
RSI_02_PLTS-IKN_WS-1_2026-Apr.xlsx,2026/WS-1/April/RSI_02_PLTS-IKN_WS-1_2026-Apr.xlsx,431453,b6b1d4a1d53a818682fa5b7548cfd9ca9b1d3089f48924440d65796a326fa139,WS-1,EMI01,RSI,RSI_02,standardized,0,,
RSI_03_PLTS-IKN_WS-1_2026-Apr.xlsx,2026/WS-1/April/RSI_03_PLTS-IKN_WS-1_2026-Apr.xlsx,431454,09aed30f1fe688fdd05ae01df38a7fd2274f3c2efc3929e8c9b1679c558e8deb,WS-1,EMI01,RSI,RSI_03,standardized,0,,
DHI_PLTS-IKN_WS-1_2026-Feb.xlsx,2026/WS-1/Februari/DHI_PLTS-IKN_WS-1_2026-Feb.xlsx,1526612,dbd35b25a33929d8ba6f98f02f53b5f845de2aefd1871d5756ce447541c84ad8,WS-1,EMI01,DHI,,standardized,57952,2026-02-01 06:33:33.803,2026-02-28 18:19:07.289
DNIcosZ_PLTS-IKN_WS-1_2026-Feb.xlsx,2026/WS-1/Februari/DNIcosZ_PLTS-IKN_WS-1_2026-Feb.xlsx,742473,67adebdac54e6b9a3615cf3521ae79d40b13dc01d19a4167c35bc02fb1162a5e,WS-1,EMI01,DNIcosZ,,standardized,17672,2026-02-01 09:51:50.749,2026-02-26 17:54:23.805
GHI_PLTS-IKN_WS-1_2026-Feb.xlsx,2026/WS-1/Februari/GHI_PLTS-IKN_WS-1_2026-Feb.xlsx,1592263,3ceb6101fd54967c85ff0dfa464cbb0f6d30354926e835b4b16a02aad5524e9f,WS-1,EMI01,GHI,,standardized,61005,2026-02-28 13:14:52.709,2026-02-28 13:14:42.757
POA_PLTS-IKN_WS-1_2026-Feb.xlsx,2026/WS-1/Februari/POA_PLTS-IKN_WS-1_2026-Feb.xlsx,282928,f6ccfacd3160b4918b97be52a0ad1c07bd4629f5a1d4385b5510815f069d2ea5,WS-1,EMI01,POA,,standardized,0,,
RSI_01_PLTS-IKN_WS-1_2026-Feb.xlsx,2026/WS-1/Februari/RSI_01_PLTS-IKN_WS-1_2026-Feb.xlsx,428645,4ac3b62159c821e2baf2741208d44cec88e70ef120166f42d54406072ac8f60c,WS-1,EMI01,RSI,RSI_01,standardized,0,,
RSI_02_PLTS-IKN_WS-1_2026-Feb.xlsx,2026/WS-1/Februari/RSI_02_PLTS-IKN_WS-1_2026-Feb.xlsx,428645,0f7b3d99e966ea1c30a324e5421bc1cfe9c68537ff5b6b280020f67b39e041d5,WS-1,EMI01,RSI,RSI_02,standardized,0,,
RSI_03_PLTS-IKN_WS-1_2026-Feb.xlsx,2026/WS-1/Februari/RSI_03_PLTS-IKN_WS-1_2026-Feb.xlsx,428644,bc482654ba446b937e49d1d5374794ce06f2cb7063ed72fed20bac1ff6df9411,WS-1,EMI01,RSI,RSI_03,standardized,0,,
DHI_PLTS-IKN_WS-1_2026-Jan.xlsx,2026/WS-1/Januari/DHI_PLTS-IKN_WS-1_2026-Jan.xlsx,1887364,532b9f2a81ae3a3e385616f53770c6a9d070cf1d26d23c6dbfd294379fe0a6a8,WS-1,EMI01,DHI,,standardized,78821,2026-01-01 06:21:13.554,2026-01-31 18:23:02.349
DNIcosZ_PLTS-IKN_WS-1_2026-Jan.xlsx,2026/WS-1/Januari/DNIcosZ_PLTS-IKN_WS-1_2026-Jan.xlsx,1201240,a928c13adb83c308486f20528ccc3ecd4c589e649144eefb90256d0538006090,WS-1,EMI01,DNIcosZ,,standardized,45782,2026-01-01 10:54:53.960,2026-01-31 16:17:42.129
GHI_PLTS-IKN_WS-1_2026-Jan.xlsx,2026/WS-1/Januari/GHI_PLTS-IKN_WS-1_2026-Jan.xlsx,1954380,16a4e78a0bb9be4f4acb42be2f25477da85a4e40d838f74e749257cf79e2e24f,WS-1,EMI01,GHI,,standardized,81832,2026-01-01 06:20:17.128,2026-01-31 18:23:25.610
POA_PLTS-IKN_WS-1_2026-Jan.xlsx,2026/WS-1/Januari/POA_PLTS-IKN_WS-1_2026-Jan.xlsx,458579,96a8784c75609f0653b980ff06fac34285c7838de3e2aba1ab4e3cc1419a260b,WS-1,EMI01,POA,,standardized,203,2026-01-01 10:54:53.960,2026-01-27 17:14:31.979
RSI_01_PLTS-IKN_WS-1_2026-Jan.xlsx,2026/WS-1/Januari/RSI_01_PLTS-IKN_WS-1_2026-Jan.xlsx,707957,fb3b3a6ce7f2be6b9423ea02aad9a4559793fa7b975959a77d71845b1176e60e,WS-1,EMI01,RSI,RSI_01,standardized,19352,2026-01-01 07:08:51.729,2026-01-27 17:14:31.979
RSI_02_PLTS-IKN_WS-1_2026-Jan.xlsx,2026/WS-1/Januari/RSI_02_PLTS-IKN_WS-1_2026-Jan.xlsx,705719,6b0cf12a34e678566908fac63963f7306d47e441cb0ba240aec0a4900e969fcc,WS-1,EMI01,RSI,RSI_02,standardized,19219,2026-01-01 07:09:14.943,2026-01-27 17:14:31.979
RSI_03_PLTS-IKN_WS-1_2026-Jan.xlsx,2026/WS-1/Januari/RSI_03_PLTS-IKN_WS-1_2026-Jan.xlsx,696628,4df8586d154115fe65847000f7d41bf8f2ba5bc131b17c61eb5f7f8a844e637c,WS-1,EMI01,RSI,RSI_03,standardized,18786,2026-01-01 07:07:58.723,2026-01-27 17:14:31.979
DHI_PLTS-IKN_WS-1_2026-Juni.xlsx,2026/WS-1/Juni/DHI_PLTS-IKN_WS-1_2026-Juni.xlsx,693200,011cdc2068550630979a3f3a742f689298170665f842750d710459a1e02cbe87,WS-1,EMI01,DHI,,standardized,14342,2026-06-01 06:11:48.054,2026-06-30 14:38:24.472
DNIcosZ_PLTS-IKN_WS-1_2026-Juni.xlsx,2026/WS-1/Juni/DNIcosZ_PLTS-IKN_WS-1_2026-Juni.xlsx,436517,ecfc6b065df20085739927049168293c7ec5c27cf87f115ad09bd7fd247e8108,WS-1,EMI01,DNIcosZ,,standardized,283,2026-06-01 07:24:17.852,2026-06-30 14:38:24.472
GHI_PLTS-IKN_WS-1_2026-Juni.xlsx,2026/WS-1/Juni/GHI_PLTS-IKN_WS-1_2026-Juni.xlsx,882217,77e0fb157ad69f76655f7968208f022ff0ab950cad1b8d1e4b9d25b1bab39259,WS-1,EMI01,GHI,,standardized,24182,2026-06-01 07:24:17.852,2026-06-30 18:00:11.192
POA_PLTS-IKN_WS-1_2026-Juni.xlsx,2026/WS-1/Juni/POA_PLTS-IKN_WS-1_2026-Juni.xlsx,1318335,386b2d720192f1565ca9638528c3708b2aaf28fb0820a7b562eead91c5b463a9,WS-1,EMI01,POA,,standardized,47555,2026-06-01 07:24:17.852,2026-06-30 18:00:17.769
RSI_01_PLTS-IKN_WS-1_2026-Juni.xlsx,2026/WS-1/Juni/RSI_01_PLTS-IKN_WS-1_2026-Juni.xlsx,436486,14bbec6f8aa73ad7259548621bdc69b2de07b9978aec9c51085c9bbf7cf8df77,WS-1,EMI01,RSI,RSI_01,standardized,281,2026-06-01 07:24:17.852,2026-06-30 14:38:24.472
RSI_02_PLTS-IKN_WS-1_2026-Juni.xlsx,2026/WS-1/Juni/RSI_02_PLTS-IKN_WS-1_2026-Juni.xlsx,436491,a6c9660ffc58bcf2757d6880e3eeb79d8e3ae82f6afa7cf9e044223df7536895,WS-1,EMI01,RSI,RSI_02,standardized,281,2026-06-01 07:24:17.852,2026-06-30 14:38:24.472
RSI_03_PLTS-IKN_WS-1_2026-Juni.xlsx,2026/WS-1/Juni/RSI_03_PLTS-IKN_WS-1_2026-Juni.xlsx,436490,b576622ddfd851084cb46680b957f81bb888bcfe014eb251044f7057ef8090cb,WS-1,EMI01,RSI,RSI_03,standardized,281,2026-06-01 07:24:17.852,2026-06-30 14:38:24.472
DHI_PLTS-IKN_WS-1_2026-Mar.xlsx,2026/WS-1/Maret/DHI_PLTS-IKN_WS-1_2026-Mar.xlsx,1712745,b77b15623abc73793e81f276a50d547a39a8220478c9e6c04996eeafaaf72784,WS-1,EMI01,DHI,,standardized,66852,2026-03-28 15:18:14.756,2026-03-28 15:17:25.303
DNIcosZ_PLTS-IKN_WS-1_2026-Mar.xlsx,2026/WS-1/Maret/DNIcosZ_PLTS-IKN_WS-1_2026-Mar.xlsx,432486,b9ab1d25aac4887c41ea929cb00baf01f5ee456db7ea36517b8dab82557c95b4,WS-1,EMI01,DNIcosZ,,standardized,10,2026-03-03 15:28:32.897,2026-03-18 22:54:31.756
GHI_PLTS-IKN_WS-1_2026-Mar.xlsx,2026/WS-1/Maret/GHI_PLTS-IKN_WS-1_2026-Mar.xlsx,2244951,b6f06fdb316f1c52d40b31fa45b0e1b6377aae52e18db22123b46b505ae14863,WS-1,EMI01,GHI,,standardized,72845,2026-03-01 06:29:26.746,2026-03-31 18:04:29.522
POA_PLTS-IKN_WS-1_2026-Mar.xlsx,2026/WS-1/Maret/POA_PLTS-IKN_WS-1_2026-Mar.xlsx,483457,472e41c12c5629140f2ce47ac0b6ca8af577b18efb1a69b33f79560988601257,WS-1,EMI01,POA,,standardized,2,2026-03-13 17:14:22.922,2026-03-18 22:54:31.756
RSI_01_PLTS-IKN_WS-1_2026-Mar.xlsx,2026/WS-1/Maret/RSI_01_PLTS-IKN_WS-1_2026-Mar.xlsx,432345,4f4a0921673e9cb4768a368fcdd279a1a3fd7dc3d1e70e6098cc50cf43db5c17,WS-1,EMI01,RSI,RSI_01,standardized,2,2026-03-13 17:14:22.922,2026-03-18 22:54:31.756
RSI_02_PLTS-IKN_WS-1_2026-Mar.xlsx,2026/WS-1/Maret/RSI_02_PLTS-IKN_WS-1_2026-Mar.xlsx,432348,590943cfc9c5052a939c7e59a037a003595cc5a24ab08ce39a4baf53eb11d908,WS-1,EMI01,RSI,RSI_02,standardized,2,2026-03-13 17:14:22.922,2026-03-18 22:54:31.756
RSI_03_PLTS-IKN_WS-1_2026-Mar.xlsx,2026/WS-1/Maret/RSI_03_PLTS-IKN_WS-1_2026-Mar.xlsx,432343,4c8f3c3de1bc37d8f267080cbe16d34ac7b342c33daf6897c08e5fca75ec8618,WS-1,EMI01,RSI,RSI_03,standardized,2,2026-03-13 17:14:22.922,2026-03-18 22:54:31.756
DHI_PLTS-IKN_WS-1_2026-Mei.xlsx,2026/WS-1/Mei/DHI_PLTS-IKN_WS-1_2026-Mei.xlsx,1139017,6517d548d1fc0791df9f1584e0c05d91ba6a67acef8c0e8a8a965baaaec34ffc,WS-1,EMI01,DHI,,standardized,38027,2026-05-01 06:22:51.803,2026-05-31 19:49:30.963
DNIcosZ_PLTS-IKN_WS-1_2026-Mei.xlsx,2026/WS-1/Mei/DNIcosZ_PLTS-IKN_WS-1_2026-Mei.xlsx,433745,66816898a56523784a166b1ab9c4e2bfb7a0b443c0a3fd5ef9179dfdd1fd76d7,WS-1,EMI01,DNIcosZ,,standardized,81,2026-05-21 17:46:17.738,2026-05-31 19:49:30.963
GHI_PLTS-IKN_WS-1_2026-Mei.xlsx,2026/WS-1/Mei/GHI_PLTS-IKN_WS-1_2026-Mei.xlsx,994240,bd9c09288a652d181b59f1e55d0b558e77be195569a4a56353461ac5be361f16,WS-1,EMI01,GHI,,standardized,28925,2026-05-01 06:22:58.397,2026-05-31 19:49:30.963
POA_PLTS-IKN_WS-1_2026-Mei.xlsx,2026/WS-1/Mei/POA_PLTS-IKN_WS-1_2026-Mei.xlsx,433758,de258f8e44c08180d8a3d69e6dfc1a9f98f047ad609f9f82c0f06bb15b2eede8,WS-1,EMI01,POA,,standardized,81,2026-05-21 17:46:17.738,2026-05-31 19:49:30.963
RSI_01_PLTS-IKN_WS-1_2026-Mei.xlsx,2026/WS-1/Mei/RSI_01_PLTS-IKN_WS-1_2026-Mei.xlsx,433747,55a5d76816aee5b1f4c66d763a014cecbc17212804f27ecece97450e67cff36f,WS-1,EMI01,RSI,RSI_01,standardized,81,2026-05-21 17:46:17.738,2026-05-31 19:49:30.963
RSI_02_PLTS-IKN_WS-1_2026-Mei.xlsx,2026/WS-1/Mei/RSI_02_PLTS-IKN_WS-1_2026-Mei.xlsx,433750,7bdc7ad759933d0fa4fe4bbed5377ee36258ba73bdcd7581e968a621dc32b5fe,WS-1,EMI01,RSI,RSI_02,standardized,81,2026-05-21 17:46:17.738,2026-05-31 19:49:30.963
RSI_03_PLTS-IKN_WS-1_2026-Mei.xlsx,2026/WS-1/Mei/RSI_03_PLTS-IKN_WS-1_2026-Mei.xlsx,433738,49034cae8eb8bc053b9dea3f2d8f794feaa04204dcf14e89eb4bc4de486550dc,WS-1,EMI01,RSI,RSI_03,standardized,81,2026-05-21 17:46:17.739,2026-05-31 19:49:30.963
DHI_PLTS-IKN_WS-2_2026-Apr.xlsx,2026/WS-2/April/DHI_PLTS-IKN_WS-2_2026-Apr.xlsx,431451,74348cc9b07b075e6697321b9a305500c92d175b35585b7a827712375c8eb17f,WS-2,EMI02,DHI,,standardized,0,,
DNIcosZ_PLTS-IKN_WS-2_2026-Apr.xlsx,2026/WS-2/April/DNIcosZ_PLTS-IKN_WS-2_2026-Apr.xlsx,431454,d23dea222530585fe6e12530c3b8bc29c36a13c12f508716b3ad530f0f8c0bd4,WS-2,EMI02,DNIcosZ,,standardized,0,,
GHI_PLTS-IKN_WS-2_2026-Apr.xlsx,2026/WS-2/April/GHI_PLTS-IKN_WS-2_2026-Apr.xlsx,431461,183b5c0e609df7e288f2b926d76bcc9a9f1df2d4601e9826d2648b508ee40b56,WS-2,EMI02,GHI,,standardized,0,,
POA_PLTS-IKN_WS-2_2026-Apr.xlsx,2026/WS-2/April/POA_PLTS-IKN_WS-2_2026-Apr.xlsx,431458,9d96eb975a2ef98b1f0f8c4d380c17a0d1e254d9ec9092a812d82c804431c0be,WS-2,EMI02,POA,,standardized,0,,
RSI_01_PLTS-IKN_WS-2_2026-Apr.xlsx,2026/WS-2/April/RSI_01_PLTS-IKN_WS-2_2026-Apr.xlsx,431451,a2420413c8d42ad44ddcb088300d38193b6d5ba9fb9aca631ad8e55766cdbfd7,WS-2,EMI02,RSI,RSI_01,standardized,0,,
RSI_02_PLTS-IKN_WS-2_2026-Apr.xlsx,2026/WS-2/April/RSI_02_PLTS-IKN_WS-2_2026-Apr.xlsx,431457,645a57ba90a0f930547f6882002a22cbf31f39961765decb0a5b923411efbc00,WS-2,EMI02,RSI,RSI_02,standardized,0,,
RSI_03_PLTS-IKN_WS-2_2026-Apr.xlsx,2026/WS-2/April/RSI_03_PLTS-IKN_WS-2_2026-Apr.xlsx,431455,dcf243eb89cad5a8a811d6d4858234264ace98e4da1370591ab9d008937a2c89,WS-2,EMI02,RSI,RSI_03,standardized,0,,
DHI_PLTS-IKN_WS-2_2026-Jan.xlsx,2026/WS-2/Januari/DHI_PLTS-IKN_WS-2_2026-Jan.xlsx,1187239,83432cdd4658c7c897a218fe62ac5a35bcbb019092ff52b584040d59d88b5415,WS-2,EMI02,DHI,,standardized,43658,2026-01-01 06:19:55.663,2026-01-31 18:23:57.197
DNIcosZ_PLTS-IKN_WS-2_2026-Jan.xlsx,2026/WS-2/Januari/DNIcosZ_PLTS-IKN_WS-2_2026-Jan.xlsx,596990,86a4bfeba34872470b9e71f2bbc6e7331dc56f4c596a64fefba859f21f4d6682,WS-2,EMI02,DNIcosZ,,standardized,12504,2026-01-01 10:45:58.181,2026-01-21 15:07:57.293
GHI_PLTS-IKN_WS-2_2026-Jan.xlsx,2026/WS-2/Januari/GHI_PLTS-IKN_WS-2_2026-Jan.xlsx,1484021,155a730ee737b507d55a38e42f6952198a7782b1e2d719f7a399ff0d69d4e4bf,WS-2,EMI02,GHI,,standardized,46475,2026-01-01 06:19:42.415,2026-01-31 18:23:57.197
POA_PLTS-IKN_WS-2_2026-Jan.xlsx,2026/WS-2/Januari/POA_PLTS-IKN_WS-2_2026-Jan.xlsx,1480661,618dc549b077d1392bf304aece18cf9057826bd9fa3160fa28c9c2ba36952fb4,WS-2,EMI02,POA,,standardized,46248,2026-01-01 06:20:28.704,2026-01-31 18:24:13.694
RSI_01_PLTS-IKN_WS-2_2026-Jan.xlsx,2026/WS-2/Januari/RSI_01_PLTS-IKN_WS-2_2026-Jan.xlsx,631055,7adea3231ce5b7136affae68cfa1f1d8ed79099ed3c60fc33d7aca41a6242984,WS-2,EMI02,RSI,RSI_01,standardized,15065,2026-01-01 07:10:49.659,2026-01-31 16:34:43.453
RSI_02_PLTS-IKN_WS-2_2026-Jan.xlsx,2026/WS-2/Januari/RSI_02_PLTS-IKN_WS-2_2026-Jan.xlsx,609359,78f667038bc5f2a86bedadd02089d47200100193abe2e4ea6a7a2f09084da998,WS-2,EMI02,RSI,RSI_02,standardized,13913,2026-01-01 07:11:12.780,2026-01-31 16:30:15.925
RSI_03_PLTS-IKN_WS-2_2026-Jan.xlsx,2026/WS-2/Januari/RSI_03_PLTS-IKN_WS-2_2026-Jan.xlsx,604570,33b534238578711f62f00408379b84d9041acc14e82034a552f057a4480bf049,WS-2,EMI02,RSI,RSI_03,standardized,13600,2026-01-01 07:11:59.068,2026-01-31 16:30:35.750
DHI_PLTS-IKN_WS-2_2026-Juni.xlsx,2026/WS-2/Juni/DHI_PLTS-IKN_WS-2_2026-Juni.xlsx,1025566,ca4e4d0c1a6cb099afb48bd027ffcc0ccb34ef8fabd6919d0b87b02c6c286c81,WS-2,EMI02,DHI,,standardized,31683,2026-06-01 07:24:18.087,2026-06-30 18:00:47.669
DNIcosZ_PLTS-IKN_WS-2_2026-Juni.xlsx,2026/WS-2/Juni/DNIcosZ_PLTS-IKN_WS-2_2026-Juni.xlsx,443726,0a5a08752121a715add537a44859a3ee2c40994c8e3c5d0c0cf2d24ada7f0fbe,WS-2,EMI02,DNIcosZ,,standardized,714,2026-06-01 07:24:18.087,2026-06-30 14:38:25.113
GHI_PLTS-IKN_WS-2_2026-Juni.xlsx,2026/WS-2/Juni/GHI_PLTS-IKN_WS-2_2026-Juni.xlsx,1032411,6133f0f80764a7ad478b6302bed957fba9648d12fd3d3fe518c9bb6d4fa57887,WS-2,EMI02,GHI,,standardized,32023,2026-06-01 07:24:18.087,2026-06-30 18:00:57.558
POA_PLTS-IKN_WS-2_2026-Juni.xlsx,2026/WS-2/Juni/POA_PLTS-IKN_WS-2_2026-Juni.xlsx,1043297,ba877f6c596919167b9fafb737becd3a8a2bf78f1c4432c93e2145214ca63db8,WS-2,EMI02,POA,,standardized,32510,2026-06-01 07:24:18.087,2026-06-30 18:01:20.647
RSI_01_PLTS-IKN_WS-2_2026-Juni.xlsx,2026/WS-2/Juni/RSI_01_PLTS-IKN_WS-2_2026-Juni.xlsx,586683,5e0b65d2f3a32e5f4e2a9edb0d058e534814dcbdb7f2b734b8b287404540b674,WS-2,EMI02,RSI,RSI_01,standardized,9374,2026-06-01 07:24:18.087,2026-06-30 16:28:03.064
RSI_02_PLTS-IKN_WS-2_2026-Juni.xlsx,2026/WS-2/Juni/RSI_02_PLTS-IKN_WS-2_2026-Juni.xlsx,581937,f5d19bf3618f3a3a1277124072dc9dc69547bd194211cdaf8e03b9328deb76f1,WS-2,EMI02,RSI,RSI_02,standardized,9152,2026-06-01 07:24:18.087,2026-06-30 16:26:53.766
RSI_03_PLTS-IKN_WS-2_2026-Juni.xlsx,2026/WS-2/Juni/RSI_03_PLTS-IKN_WS-2_2026-Juni.xlsx,589181,7e027419cc37b72686872a761fd4bcd8f264c23c683855a2d0b03ccb00046284,WS-2,EMI02,RSI,RSI_03,standardized,9514,2026-06-01 07:24:18.087,2026-06-30 16:28:03.064
DHI_PLTS-IKN_WS-2_2026-Mar.xlsx,2026/WS-2/Maret/DHI_PLTS-IKN_WS-2_2026-Mar.xlsx,432348,c7c892400cf243ba891fa8a13b76ad53acd3b394149f6e5a08c8623a3a412a1a,WS-2,EMI02,DHI,,standardized,2,2026-03-13 17:14:16.189,2026-03-18 22:54:53.131
DNIcosZ_PLTS-IKN_WS-2_2026-Mar.xlsx,2026/WS-2/Maret/DNIcosZ_PLTS-IKN_WS-2_2026-Mar.xlsx,432355,8d8c85be55ffdf70f268dad5a5d653aedc0c5827a04614557265e94e6633c71b,WS-2,EMI02,DNIcosZ,,standardized,2,2026-03-13 17:14:16.189,2026-03-18 22:54:53.131
GHI_PLTS-IKN_WS-2_2026-Mar.xlsx,2026/WS-2/Maret/GHI_PLTS-IKN_WS-2_2026-Mar.xlsx,290648,3b3aa58ab607752bf856fa3a148b172cf7f7ce1104059ef71675ec838eea5fb1,WS-2,EMI02,GHI,,standardized,2,2026-03-13 17:14:16.189,2026-03-18 22:54:53.131
POA_PLTS-IKN_WS-2_2026-Mar.xlsx,2026/WS-2/Maret/POA_PLTS-IKN_WS-2_2026-Mar.xlsx,290645,1726c9cbdbaf97d7613de2c7a874c3ae4a476b6af9d08156e1ef376e5e5768b0,WS-2,EMI02,POA,,standardized,2,2026-03-13 17:14:16.189,2026-03-18 22:54:53.131
RSI_01_PLTS-IKN_WS-2_2026-Mar.xlsx,2026/WS-2/Maret/RSI_01_PLTS-IKN_WS-2_2026-Mar.xlsx,432349,e2ca6033ca6e91721dfec2124f7fda63769a75ae931033813b4856cb042e46c6,WS-2,EMI02,RSI,RSI_01,standardized,2,2026-03-13 17:14:16.189,2026-03-18 22:54:53.131
RSI_02_PLTS-IKN_WS-2_2026-Mar.xlsx,2026/WS-2/Maret/RSI_02_PLTS-IKN_WS-2_2026-Mar.xlsx,432351,35507c33d4aa787bf5be60e1448aaee5dfb96a18a1bf8b614d62bd4264ad8d33,WS-2,EMI02,RSI,RSI_02,standardized,2,2026-03-13 17:14:16.189,2026-03-18 22:54:53.131
RSI_03_PLTS-IKN_WS-2_2026-Mar.xlsx,2026/WS-2/Maret/RSI_03_PLTS-IKN_WS-2_2026-Mar.xlsx,432347,a6ec9141fd66fdb7f9e7045c2b54a30a877d1a6f03227e3febda8b91e01c93a5,WS-2,EMI02,RSI,RSI_03,standardized,2,2026-03-13 17:14:16.189,2026-03-18 22:54:53.147
DHI_PLTS-IKN_WS-2_2026-Mei.xlsx,2026/WS-2/Mei/DHI_PLTS-IKN_WS-2_2026-Mei.xlsx,433698,cddcce9b8372200aa0edc88f9ffd87d239dea1971f3a8176034c3f041d756c47,WS-2,EMI02,DHI,,standardized,78,2026-05-21 17:46:26.883,2026-05-31 19:49:31.432
DNIcosZ_PLTS-IKN_WS-2_2026-Mei.xlsx,2026/WS-2/Mei/DNIcosZ_PLTS-IKN_WS-2_2026-Mei.xlsx,433693,1c3769bcf8190f03703fe5fa75f870a73e0ae6df886e05b13826b6da331d90c9,WS-2,EMI02,DNIcosZ,,standardized,78,2026-05-21 17:46:26.883,2026-05-31 19:49:31.432
GHI_PLTS-IKN_WS-2_2026-Mei.xlsx,2026/WS-2/Mei/GHI_PLTS-IKN_WS-2_2026-Mei.xlsx,433704,9138c5311daf7e3519c3713099fb7a0470884f218d0075a3abeab4911abea22e,WS-2,EMI02,GHI,,standardized,78,2026-05-21 17:46:26.883,2026-05-31 19:49:31.432
POA_PLTS-IKN_WS-2_2026-Mei.xlsx,2026/WS-2/Mei/POA_PLTS-IKN_WS-2_2026-Mei.xlsx,433696,c83f3f19f951cc47b31268514266489b524b7a36762255121ea729f4fa3e8c45,WS-2,EMI02,POA,,standardized,78,2026-05-21 17:46:26.883,2026-05-31 19:49:31.432
RSI_01_PLTS-IKN_WS-2_2026-Mei.xlsx,2026/WS-2/Mei/RSI_01_PLTS-IKN_WS-2_2026-Mei.xlsx,433688,acf1817d9b13db0b1d13865c3538956ededee2e21f328c812eebd2d9432ca0a2,WS-2,EMI02,RSI,RSI_01,standardized,78,2026-05-21 17:46:26.883,2026-05-31 19:49:31.432
RSI_02_PLTS-IKN_WS-2_2026-Mei.xlsx,2026/WS-2/Mei/RSI_02_PLTS-IKN_WS-2_2026-Mei.xlsx,433700,370b139605005116a71eacef798e9fc5ff4d4e3c2189e48208251f63e40e544a,WS-2,EMI02,RSI,RSI_02,standardized,78,2026-05-21 17:46:26.898,2026-05-31 19:49:31.432
RSI_03_PLTS-IKN_WS-2_2026-Mei.xlsx,2026/WS-2/Mei/RSI_03_PLTS-IKN_WS-2_2026-Mei.xlsx,433697,b091c24a38b396c34df5c8c162d0293bbbd3c2e8f8e84f3ed9d02f235359913a,WS-2,EMI02,RSI,RSI_03,standardized,78,2026-05-21 17:46:26.898,2026-05-31 19:49:31.432
DHI_PLTS-IKN_WS-3_2026-Apr.xlsx,2026/WS-3/April/DHI_PLTS-IKN_WS-3_2026-Apr.xlsx,1288291,3e88f17d4f0fd1aa4fd88a4f22ce292ad9f01fddcf7780899c5740b9ea25825c,WS-3,EMI03,DHI,,standardized,45478,2026-04-01 06:13:38.928,2026-04-30 17:08:40.787
DNIcosZ_PLTS-IKN_WS-3_2026-Apr.xlsx,2026/WS-3/April/DNIcosZ_PLTS-IKN_WS-3_2026-Apr.xlsx,432926,fc138dc63a51bae869661fdbf828d7df8cf42d4d25595d8144e91c5f2adfce00,WS-3,EMI03,DNIcosZ,,standardized,74,2026-04-07 10:31:46.037,2026-04-12 16:39:12.006
GHI_PLTS-IKN_WS-3_2026-Apr.xlsx,2026/WS-3/April/GHI_PLTS-IKN_WS-3_2026-Apr.xlsx,1381876,cb35b1d69983348f1f66e18c34ad95dd6a79a48c5b489c831152f825c8518202,WS-3,EMI03,GHI,,standardized,43633,2026-04-01 06:14:44.678,2026-04-30 17:02:27.756
POA_PLTS-IKN_WS-3_2026-Apr.xlsx,2026/WS-3/April/POA_PLTS-IKN_WS-3_2026-Apr.xlsx,431458,f74a9dd0b89c276f159bfb1c6c604d0b92f52583fad68cf6a14d4ea8b7b12c7d,WS-3,EMI03,POA,,standardized,0,,
RSI_01_PLTS-IKN_WS-3_2026-Apr.xlsx,2026/WS-3/April/RSI_01_PLTS-IKN_WS-3_2026-Apr.xlsx,431451,ed35a67029fd45983ede6274246f6176578cff078ba854927bffcdcb97820ff5,WS-3,EMI03,RSI,RSI_01,standardized,0,,
RSI_02_PLTS-IKN_WS-3_2026-Apr.xlsx,2026/WS-3/April/RSI_02_PLTS-IKN_WS-3_2026-Apr.xlsx,431457,5661f3b99255024ee202340fea285185db1d19ae30db5c924ca4d8d9caa54e00,WS-3,EMI03,RSI,RSI_02,standardized,0,,
RSI_03_PLTS-IKN_WS-3_2026-Apr.xlsx,2026/WS-3/April/RSI_03_PLTS-IKN_WS-3_2026-Apr.xlsx,431454,4217f4c7004781a7a0d4f6418125090779221d58d5312f760383fb98b3cabe0f,WS-3,EMI03,RSI,RSI_03,standardized,0,,
DHI_PLTS-IKN_WS-3_2026-Feb.xlsx,2026/WS-3/Februari/DHI_PLTS-IKN_WS-3_2026-Feb.xlsx,1168057,8ece48a7385275156f03d2440b21376a299b05e55e0982cbfb783cb831c14195,WS-3,EMI03,DHI,,standardized,39331,2026-02-01 06:33:02.090,2026-02-28 18:21:23.357
DNIcosZ_PLTS-IKN_WS-3_2026-Feb.xlsx,2026/WS-3/Februari/DNIcosZ_PLTS-IKN_WS-3_2026-Feb.xlsx,443253,22569809bf774b7131597e6b3726d82fe68d8117b8cbf2ca079d0ff7d921c2d7,WS-3,EMI03,DNIcosZ,,standardized,818,2026-02-15 16:15:04.584,2026-02-23 10:10:51.022
GHI_PLTS-IKN_WS-3_2026-Feb.xlsx,2026/WS-3/Februari/GHI_PLTS-IKN_WS-3_2026-Feb.xlsx,1149212,c069d4b1c15ed105c5fb04ca6e71ae8f0014232d260ec99f1556ec5f7e0260e5,WS-3,EMI03,GHI,,standardized,38320,2026-02-01 06:33:38.443,2026-02-28 18:20:47.067
POA_PLTS-IKN_WS-3_2026-Feb.xlsx,2026/WS-3/Februari/POA_PLTS-IKN_WS-3_2026-Feb.xlsx,428641,7e16ee7f0248ed83069fab07b0a459fb60c6110ef70d205ba420c24ad8bcee53,WS-3,EMI03,POA,,standardized,0,,
RSI_01_PLTS-IKN_WS-3_2026-Feb.xlsx,2026/WS-3/Februari/RSI_01_PLTS-IKN_WS-3_2026-Feb.xlsx,428641,8e115a2f5cbacfdfb908ec3ad92b151bbd6fac0d3add51ec23f072be9a00ab09,WS-3,EMI03,RSI,RSI_01,standardized,0,,
RSI_02_PLTS-IKN_WS-3_2026-Feb.xlsx,2026/WS-3/Februari/RSI_02_PLTS-IKN_WS-3_2026-Feb.xlsx,428644,d65176e83c8a13e6b1caa551af9e9572dd823516720eb5e7010f5a90676418cc,WS-3,EMI03,RSI,RSI_02,standardized,0,,
RSI_03_PLTS-IKN_WS-3_2026-Feb.xlsx,2026/WS-3/Februari/RSI_03_PLTS-IKN_WS-3_2026-Feb.xlsx,428637,5b0f9b67f41971be2dd86fd44a0d12a6b81fbbae89f4cdf070807c98ca14f686,WS-3,EMI03,RSI,RSI_03,standardized,0,,
DHI_PLTS-IKN_WS-3_2026-Jan.xlsx,2026/WS-3/Januari/DHI_PLTS-IKN_WS-3_2026-Jan.xlsx,1234617,3340c469d65d3484f3124497a16c266c971dc790c9d606deeaee8e1c4e5fceb4,WS-3,EMI03,DHI,,standardized,45991,2026-01-01 06:20:06.755,2026-01-31 18:24:24.349
DNIcosZ_PLTS-IKN_WS-3_2026-Jan.xlsx,2026/WS-3/Januari/DNIcosZ_PLTS-IKN_WS-3_2026-Jan.xlsx,372697,45e183c0c8b4557e2c52b2d6fa40920da1182be3fcb6a3d80d32fe68f26175bc,WS-3,EMI03,DNIcosZ,,standardized,0,,
GHI_PLTS-IKN_WS-3_2026-Jan.xlsx,2026/WS-3/Januari/GHI_PLTS-IKN_WS-3_2026-Jan.xlsx,1215537,b6c9f389b79545c62ce8e66a94f24d49c040ef53d0c014fd0c7466e8a6eb51bc,WS-3,EMI03,GHI,,standardized,44966,2026-01-01 06:21:29.333,2026-01-31 18:23:34.796
POA_PLTS-IKN_WS-3_2026-Jan.xlsx,2026/WS-3/Januari/POA_PLTS-IKN_WS-3_2026-Jan.xlsx,372686,296a7277aaea26d1a170554c2ba863882f02cfcadf254d21570a0697c2629a40,WS-3,EMI03,POA,,standardized,0,,
RSI_01_PLTS-IKN_WS-3_2026-Jan.xlsx,2026/WS-3/Januari/RSI_01_PLTS-IKN_WS-3_2026-Jan.xlsx,372688,781baa9c0d625928133560c08532c5bde7209b32bf3b465e7bc61ffb528a1a76,WS-3,EMI03,RSI,RSI_01,standardized,0,,
RSI_02_PLTS-IKN_WS-3_2026-Jan.xlsx,2026/WS-3/Januari/RSI_02_PLTS-IKN_WS-3_2026-Jan.xlsx,372694,c0fd50d59591e2935dfbb0954cd57806a1f7a49dd8862ab5b7692839fa29f1a8,WS-3,EMI03,RSI,RSI_02,standardized,0,,
RSI_03_PLTS-IKN_WS-3_2026-Jan.xlsx,2026/WS-3/Januari/RSI_03_PLTS-IKN_WS-3_2026-Jan.xlsx,372692,2d46ac0c66abd016c3a84b82d38f0949900a730ec9174d41465afdbb3246d4b7,WS-3,EMI03,RSI,RSI_03,standardized,0,,
DHI_PLTS-IKN_WS-3_2026-Juni.xlsx,2026/WS-3/Juni/DHI_PLTS-IKN_WS-3_2026-Juni.xlsx,1317268,17646ac88d79645029072fe800d807fffc16cd05f10f94671b7f2418b90a97b4,WS-3,EMI03,DHI,,standardized,46968,2026-06-01 06:08:41.513,2026-06-30 18:01:33.817
DNIcosZ_PLTS-IKN_WS-3_2026-Juni.xlsx,2026/WS-3/Juni/DNIcosZ_PLTS-IKN_WS-3_2026-Juni.xlsx,437828,13db6a86ebc8b50e951509b90908bb5e883570eba0939ae964ae93b07834e721,WS-3,EMI03,DNIcosZ,,standardized,403,2026-06-01 07:24:17.306,2026-06-30 14:38:23.957
GHI_PLTS-IKN_WS-3_2026-Juni.xlsx,2026/WS-3/Juni/GHI_PLTS-IKN_WS-3_2026-Juni.xlsx,1280078,f579d86b6bde58963388aaf777834fc0c224d8a3b0392c4211d2e4ac566755ae,WS-3,EMI03,GHI,,standardized,45025,2026-06-01 06:11:10.093,2026-06-30 18:00:21.346
POA_PLTS-IKN_WS-3_2026-Juni.xlsx,2026/WS-3/Juni/POA_PLTS-IKN_WS-3_2026-Juni.xlsx,436322,e69ae3359416f81f651b48e73846d5122667db929144046a45be4106c1dd3fdc,WS-3,EMI03,POA,,standardized,271,2026-06-01 07:24:17.306,2026-06-30 14:38:23.957
RSI_01_PLTS-IKN_WS-3_2026-Juni.xlsx,2026/WS-3/Juni/RSI_01_PLTS-IKN_WS-3_2026-Juni.xlsx,436326,b63a4ec47c50dbb9a836d3a4907591c44cf200c3d9423113636ee1f03edc7e18,WS-3,EMI03,RSI,RSI_01,standardized,271,2026-06-01 07:24:17.306,2026-06-30 14:38:23.957
RSI_02_PLTS-IKN_WS-3_2026-Juni.xlsx,2026/WS-3/Juni/RSI_02_PLTS-IKN_WS-3_2026-Juni.xlsx,436329,1ee3e823e3ae5ed15a83bfce75629fef80e56a5121c1e1907d96a5ad4a968cc2,WS-3,EMI03,RSI,RSI_02,standardized,271,2026-06-01 07:24:17.306,2026-06-30 14:38:23.957
RSI_03_PLTS-IKN_WS-3_2026-Juni.xlsx,2026/WS-3/Juni/RSI_03_PLTS-IKN_WS-3_2026-Juni.xlsx,436328,8c0e55818e7d0a57bedf1e8044676b41045c5d86284929c2400eb059d2af0380,WS-3,EMI03,RSI,RSI_03,standardized,271,2026-06-01 07:24:17.306,2026-06-30 14:38:23.957
DHI_PLTS-IKN_WS-3_2026-Mar.xlsx,2026/WS-3/Maret/DHI_PLTS-IKN_WS-3_2026-Mar.xlsx,1302545,499922a1e92d2b2036ee6da0510dfdb8be7bf21b86de43501ea4ae5144b5f87c,WS-3,EMI03,DHI,,standardized,46150,2026-03-01 06:29:12.671,2026-03-31 18:05:44.631
DNIcosZ_PLTS-IKN_WS-3_2026-Mar.xlsx,2026/WS-3/Maret/DNIcosZ_PLTS-IKN_WS-3_2026-Mar.xlsx,435444,ac6054067901d35b64379a65f6752f2916ac01fc89f5290490f4fa33a94b1d98,WS-3,EMI03,DNIcosZ,,standardized,159,2026-03-04 11:47:57.812,2026-03-18 22:54:32.381
GHI_PLTS-IKN_WS-3_2026-Mar.xlsx,2026/WS-3/Maret/GHI_PLTS-IKN_WS-3_2026-Mar.xlsx,1413127,9d4f6ec78c1093bdbbcb6d0821ab272fbdda2c90f8589b2bf7f17bc4fef561dc,WS-3,EMI03,GHI,,standardized,44721,2026-03-01 06:31:34.675,2026-03-31 18:05:44.631
POA_PLTS-IKN_WS-3_2026-Mar.xlsx,2026/WS-3/Maret/POA_PLTS-IKN_WS-3_2026-Mar.xlsx,290882,23ba0bbbd30e76016baf5c2c61e4288a2aa71485c65732b1786a00bb37b040aa,WS-3,EMI03,POA,,standardized,2,2026-03-13 17:14:15.439,2026-03-18 22:54:32.381
RSI_01_PLTS-IKN_WS-3_2026-Mar.xlsx,2026/WS-3/Maret/RSI_01_PLTS-IKN_WS-3_2026-Mar.xlsx,432341,e839ba6b2e2f89b9badb38e670592597bddeb664cd8f4317d0337341a4012019,WS-3,EMI03,RSI,RSI_01,standardized,2,2026-03-13 17:14:15.439,2026-03-18 22:54:32.381
RSI_02_PLTS-IKN_WS-3_2026-Mar.xlsx,2026/WS-3/Maret/RSI_02_PLTS-IKN_WS-3_2026-Mar.xlsx,432343,b281e290e8f0392dbb72e8667be9ffaab164bdc98f963d5e048017e63760ce02,WS-3,EMI03,RSI,RSI_02,standardized,2,2026-03-13 17:14:15.439,2026-03-18 22:54:32.381
RSI_03_PLTS-IKN_WS-3_2026-Mar.xlsx,2026/WS-3/Maret/RSI_03_PLTS-IKN_WS-3_2026-Mar.xlsx,432345,b240cab63835202bed58703df3bfb78b9a6f4de1f33e44dab411f5e43018f9b5,WS-3,EMI03,RSI,RSI_03,standardized,2,2026-03-13 17:14:15.439,2026-03-18 22:54:32.381
DHI_PLTS-IKN_WS-3_2026-Mei.xlsx,2026/WS-3/Mei/DHI_PLTS-IKN_WS-3_2026-Mei.xlsx,1283067,436f84af7febc73890c4620074d82df251a369547f8b453c4a2e73ba89e96e18,WS-3,EMI03,DHI,,standardized,45100,2026-05-01 06:22:16.272,2026-05-31 19:49:29.745
DNIcosZ_PLTS-IKN_WS-3_2026-Mei.xlsx,2026/WS-3/Mei/DNIcosZ_PLTS-IKN_WS-3_2026-Mei.xlsx,434508,c736958dd8f0b73fabb510e2f5241836db11a89b00710fc9006b4ba3c426378a,WS-3,EMI03,DNIcosZ,,standardized,112,2026-05-02 15:07:18.939,2026-05-31 19:49:29.745
GHI_PLTS-IKN_WS-3_2026-Mei.xlsx,2026/WS-3/Mei/GHI_PLTS-IKN_WS-3_2026-Mei.xlsx,1373034,100ee55c5a11418887f4dba91498e68b29443ee266a3d50be08850ebf220dc47,WS-3,EMI03,GHI,,standardized,43179,2026-05-01 06:23:32.163,2026-05-31 19:49:29.745
POA_PLTS-IKN_WS-3_2026-Mei.xlsx,2026/WS-3/Mei/POA_PLTS-IKN_WS-3_2026-Mei.xlsx,433786,5914bb1f8940168c394c9731c4e8a67400fbc970ea5def7445d55625f4a10e45,WS-3,EMI03,POA,,standardized,83,2026-05-21 17:46:27.898,2026-05-31 19:49:29.745
RSI_01_PLTS-IKN_WS-3_2026-Mei.xlsx,2026/WS-3/Mei/RSI_01_PLTS-IKN_WS-3_2026-Mei.xlsx,433786,ad79d997c507d98292b258d016edc39177424ccc25d3a14d3f42faecffe4460f,WS-3,EMI03,RSI,RSI_01,standardized,83,2026-05-21 17:46:27.898,2026-05-31 19:49:29.745
RSI_02_PLTS-IKN_WS-3_2026-Mei.xlsx,2026/WS-3/Mei/RSI_02_PLTS-IKN_WS-3_2026-Mei.xlsx,433790,45904bf09af0c7ff82e48e6e8b7721de8081f95c8f5dc0a8bd0e12b685b302c0,WS-3,EMI03,RSI,RSI_02,standardized,83,2026-05-21 17:46:27.898,2026-05-31 19:49:29.745
RSI_03_PLTS-IKN_WS-3_2026-Mei.xlsx,2026/WS-3/Mei/RSI_03_PLTS-IKN_WS-3_2026-Mei.xlsx,433797,f4c8c199a867bff70182c5b0ad3ed3e8b7968213c105ba33c93b0d367e26adfc,WS-3,EMI03,RSI,RSI_03,standardized,83,2026-05-21 17:46:27.898,2026-05-31 19:49:29.745
DHI_PLTS-IKN_WS-4_2026-Apr.xlsx,2026/WS-4/April/DHI_PLTS-IKN_WS-4_2026-Apr.xlsx,1364047,e957c86e653c4aa64c2e66b61e21f5d3dd100d66cb45a14d7080c6fc16516f5c,WS-4,EMI04,DHI,,standardized,49593,2026-04-01 06:14:06.584,2026-04-30 17:06:11.490
DNIcosZ_PLTS-IKN_WS-4_2026-Apr.xlsx,2026/WS-4/April/DNIcosZ_PLTS-IKN_WS-4_2026-Apr.xlsx,501683,2baf9d6ea4cde0e535871f5030ead608de631868312c4254789dc57e86ac2931,WS-4,EMI04,DNIcosZ,,standardized,3893,2026-04-01 10:18:22.740,2026-04-30 14:09:04.428
GHI_PLTS-IKN_WS-4_2026-Apr.xlsx,2026/WS-4/April/GHI_PLTS-IKN_WS-4_2026-Apr.xlsx,1739647,ba37c01eca96377e24502aa9b46f652d24056ff862570daf9ec2fb370413884f,WS-4,EMI04,GHI,,standardized,52241,2026-04-01 06:14:06.584,2026-04-30 17:07:40.584
POA_PLTS-IKN_WS-4_2026-Apr.xlsx,2026/WS-4/April/POA_PLTS-IKN_WS-4_2026-Apr.xlsx,287628,ec004c71e9154326452f401fde3d5e040fa2a85d40afdbf86a1b77f204833b5a,WS-4,EMI04,POA,,standardized,0,,
RSI_01_PLTS-IKN_WS-4_2026-Apr.xlsx,2026/WS-4/April/RSI_01_PLTS-IKN_WS-4_2026-Apr.xlsx,431453,4f8d7e7e58a98f0af055ca7f61c492e62a0c7445c5b62a38dc69275aa4be6f84,WS-4,EMI04,RSI,RSI_01,standardized,0,,
RSI_02_PLTS-IKN_WS-4_2026-Apr.xlsx,2026/WS-4/April/RSI_02_PLTS-IKN_WS-4_2026-Apr.xlsx,431463,cce487fd020df37a3fbc7321de9d528133e8774ce9482c26e8d9d060e931ddf5,WS-4,EMI04,RSI,RSI_02,standardized,0,,
RSI_03_PLTS-IKN_WS-4_2026-Apr.xlsx,2026/WS-4/April/RSI_03_PLTS-IKN_WS-4_2026-Apr.xlsx,575144,2165a38ce14cf08fe530a53a038e7d8948f89684d97b3d4c432da972ca2bd582,WS-4,EMI04,RSI,RSI_03,standardized,8830,2026-04-01 08:12:37.600,2026-04-30 13:42:17.834
DHI_PLTS-IKN_WS-4_2026-Feb.xlsx,2026/WS-4/Februari/DHI_PLTS-IKN_WS-4_2026-Feb.xlsx,1183027,d975f5deb40839dd2db12753ab84107a017c92e5520de3592de35d661ce64f7d,WS-4,EMI04,DHI,,standardized,40259,2026-02-01 06:33:26.914,2026-02-28 18:19:53.983
DNIcosZ_PLTS-IKN_WS-4_2026-Feb.xlsx,2026/WS-4/Februari/DNIcosZ_PLTS-IKN_WS-4_2026-Feb.xlsx,476955,b22a067de12e6c00e6f819449c15f0e0ad844cb4c9749449e5fa5e6f09de6a78,WS-4,EMI04,DNIcosZ,,standardized,2640,2026-02-03 12:53:50.974,2026-02-28 13:47:19.118
GHI_PLTS-IKN_WS-4_2026-Feb.xlsx,2026/WS-4/Februari/GHI_PLTS-IKN_WS-4_2026-Feb.xlsx,1209881,abb14a9d87087ed293657b931f5bb64e0101c74261a201c66fabcca9cf473deb,WS-4,EMI04,GHI,,standardized,41552,2026-02-01 06:32:53.889,2026-02-28 18:20:30.195
POA_PLTS-IKN_WS-4_2026-Feb.xlsx,2026/WS-4/Februari/POA_PLTS-IKN_WS-4_2026-Feb.xlsx,428650,b1d740a818c2c0b2920834fd7d7fb94996c1ba786986b7b0ecf3670ef37e64b2,WS-4,EMI04,POA,,standardized,0,,
RSI_01_PLTS-IKN_WS-4_2026-Feb.xlsx,2026/WS-4/Februari/RSI_01_PLTS-IKN_WS-4_2026-Feb.xlsx,428644,89eac4d38f0867eaaabbf6caaae88bf0970ef781f5e4bcd8438a375ee72b4842,WS-4,EMI04,RSI,RSI_01,standardized,0,,
RSI_02_PLTS-IKN_WS-4_2026-Feb.xlsx,2026/WS-4/Februari/RSI_02_PLTS-IKN_WS-4_2026-Feb.xlsx,428644,6ca7f936fdfed55794d952d98758d980e80ea7dca09121b83525f0e5a4ca6ec7,WS-4,EMI04,RSI,RSI_02,standardized,0,,
RSI_03_PLTS-IKN_WS-4_2026-Feb.xlsx,2026/WS-4/Februari/RSI_03_PLTS-IKN_WS-4_2026-Feb.xlsx,548897,d53b44d84ac35f7cbed39a78bdf2dc10a6a3cf06052659f02b4830c2ae1504ab,WS-4,EMI04,RSI,RSI_03,standardized,7309,2026-02-01 09:53:58.427,2026-02-28 17:05:37.476
DHI_PLTS-IKN_WS-4_2026-Jan.xlsx,2026/WS-4/Januari/DHI_PLTS-IKN_WS-4_2026-Jan.xlsx,1261744,4e9d11b08af0297f1f3de8f3db0a6a4cd253402ab9bde2c387ad0323d3457c10,WS-4,EMI04,DHI,,standardized,47437,2026-01-01 06:20:45.216,2026-01-31 18:23:47.293
DNIcosZ_PLTS-IKN_WS-4_2026-Jan.xlsx,2026/WS-4/Januari/DNIcosZ_PLTS-IKN_WS-4_2026-Jan.xlsx,380721,3ed21a51bb7ff34f45e224c57eedeafea202c9643e2ff38aabd01037af4b1146,WS-4,EMI04,DNIcosZ,,standardized,396,2026-01-01 11:52:33.405,2026-01-29 13:54:17.306
GHI_PLTS-IKN_WS-4_2026-Jan.xlsx,2026/WS-4/Januari/GHI_PLTS-IKN_WS-4_2026-Jan.xlsx,1275164,e8e312a1a39773b16ec7895872dccbf4edf35db73cc8fe4d1398cb0905182d56,WS-4,EMI04,GHI,,standardized,48061,2026-01-01 06:20:45.216,2026-01-31 18:24:07.086
POA_PLTS-IKN_WS-4_2026-Jan.xlsx,2026/WS-4/Januari/POA_PLTS-IKN_WS-4_2026-Jan.xlsx,491380,8ec3969a29e3cdb435a8e8655fa90938279b3ba8984ce802bcceb667058c6048,WS-4,EMI04,POA,,standardized,6693,2026-01-01 06:21:01.682,2026-01-05 12:53:23.741
RSI_01_PLTS-IKN_WS-4_2026-Jan.xlsx,2026/WS-4/Januari/RSI_01_PLTS-IKN_WS-4_2026-Jan.xlsx,372690,e903f87bf6c2769d791f977d0014ed185a219af763df09c1127616dc8c09648e,WS-4,EMI04,RSI,RSI_01,standardized,0,,
RSI_02_PLTS-IKN_WS-4_2026-Jan.xlsx,2026/WS-4/Januari/RSI_02_PLTS-IKN_WS-4_2026-Jan.xlsx,392232,d26124413e4a7901013e877a2c0e574226e88f716fa12a7a555a91465fb25f5b,WS-4,EMI04,RSI,RSI_02,standardized,1023,2026-01-01 10:57:32.142,2026-01-05 11:36:36.107
RSI_03_PLTS-IKN_WS-4_2026-Jan.xlsx,2026/WS-4/Januari/RSI_03_PLTS-IKN_WS-4_2026-Jan.xlsx,538407,6d5a48b9c2290b16429c9b0b2732b7c917d14afd21e97946ed11345591fd2253,WS-4,EMI04,RSI,RSI_03,standardized,10043,2026-01-01 10:46:41.875,2026-01-31 16:20:53.593
DHI_PLTS-IKN_WS-4_2026-Juni.xlsx,2026/WS-4/Juni/DHI_PLTS-IKN_WS-4_2026-Juni.xlsx,1408919,94e99f814175ea51235b45e6d1b79bbd21f579ec2c8263f7541c5cbbb43405db,WS-4,EMI04,DHI,,standardized,51722,2026-06-01 06:11:24.997,2026-06-30 17:58:41.647
DNIcosZ_PLTS-IKN_WS-4_2026-Juni.xlsx,2026/WS-4/Juni/DNIcosZ_PLTS-IKN_WS-4_2026-Juni.xlsx,535445,6b10d3dcb6cfc9f8b357a65f4b898c28a719cb14799db658469f7547de68d38b,WS-4,EMI04,DNIcosZ,,standardized,5875,2026-06-01 10:55:48.226,2026-06-30 14:41:12.423
GHI_PLTS-IKN_WS-4_2026-Juni.xlsx,2026/WS-4/Juni/GHI_PLTS-IKN_WS-4_2026-Juni.xlsx,1448265,ce66809c4e678c98b484fc55b3c3f925bdf1630d5237f9df34c4ce18e3116140,WS-4,EMI04,GHI,,standardized,53445,2026-06-01 06:10:55.315,2026-06-30 17:59:27.841
POA_PLTS-IKN_WS-4_2026-Juni.xlsx,2026/WS-4/Juni/POA_PLTS-IKN_WS-4_2026-Juni.xlsx,442306,4bfd80cfda016f9b2b80fbe739643cf0fec5b3acedce250b6f7a50fa1ed5b385,WS-4,EMI04,POA,,standardized,0,,
RSI_01_PLTS-IKN_WS-4_2026-Juni.xlsx,2026/WS-4/Juni/RSI_01_PLTS-IKN_WS-4_2026-Juni.xlsx,442303,d3abd513e14b7230acb68c415218fd727765c8916fe3c0669ff4e2174b700239,WS-4,EMI04,RSI,RSI_01,standardized,0,,
RSI_02_PLTS-IKN_WS-4_2026-Juni.xlsx,2026/WS-4/Juni/RSI_02_PLTS-IKN_WS-4_2026-Juni.xlsx,442302,f2ebd1c82fc1b63928b30c861d5774474f54db8eff972d8b112d808a12961fa0,WS-4,EMI04,RSI,RSI_02,standardized,0,,
RSI_03_PLTS-IKN_WS-4_2026-Juni.xlsx,2026/WS-4/Juni/RSI_03_PLTS-IKN_WS-4_2026-Juni.xlsx,639027,05ff8d42d018944aacfeaa03d26804ac4acc25f3b0576934ea276450a86f461d,WS-4,EMI04,RSI,RSI_03,standardized,12359,2026-06-01 07:52:21.286,2026-06-30 16:22:39.941
DHI_PLTS-IKN_WS-4_2026-Mar.xlsx,2026/WS-4/Maret/DHI_PLTS-IKN_WS-4_2026-Mar.xlsx,1408253,e097541d71969cb225bf44d0be56a2718f9600faefa4b8c6c925fe15e246783d,WS-4,EMI04,DHI,,standardized,51691,2026-03-01 06:29:50.867,2026-03-31 17:40:27.897
DNIcosZ_PLTS-IKN_WS-4_2026-Mar.xlsx,2026/WS-4/Maret/DNIcosZ_PLTS-IKN_WS-4_2026-Mar.xlsx,607383,ba392c0310ac839913a0604c4ef92a65a551a6cf25d1790bbf58f1728369fcd6,WS-4,EMI04,DNIcosZ,,standardized,9793,2026-03-01 07:02:51.949,2026-03-31 12:41:37.319
GHI_PLTS-IKN_WS-4_2026-Mar.xlsx,2026/WS-4/Maret/GHI_PLTS-IKN_WS-4_2026-Mar.xlsx,1815671,dc9fd16d13f270dd5646abbe66e7cddcdf50cd6a76b31e5d2d5bbd43ef2ae632,WS-4,EMI04,GHI,,standardized,55164,2026-03-01 06:29:27.746,2026-03-31 18:03:18.444
POA_PLTS-IKN_WS-4_2026-Mar.xlsx,2026/WS-4/Maret/POA_PLTS-IKN_WS-4_2026-Mar.xlsx,290854,743f912e4fde39892c1bddeb000d3e5c95092433248d337fc150e4648b094506,WS-4,EMI04,POA,,standardized,2,2026-03-13 17:14:15.643,2026-03-18 22:54:53.131
RSI_01_PLTS-IKN_WS-4_2026-Mar.xlsx,2026/WS-4/Maret/RSI_01_PLTS-IKN_WS-4_2026-Mar.xlsx,432346,38f904c67ce9f17943d47bb4ac804565dcd98b50614cb639873eb388c9859c89,WS-4,EMI04,RSI,RSI_01,standardized,2,2026-03-13 17:14:15.643,2026-03-18 22:54:53.147
RSI_02_PLTS-IKN_WS-4_2026-Mar.xlsx,2026/WS-4/Maret/RSI_02_PLTS-IKN_WS-4_2026-Mar.xlsx,432346,8243387d788b9d5f514d271c9b0911b2bd58ee2877009df6ff69226049d1f712,WS-4,EMI04,RSI,RSI_02,standardized,2,2026-03-13 17:14:15.643,2026-03-18 22:54:53.147
RSI_03_PLTS-IKN_WS-4_2026-Mar.xlsx,2026/WS-4/Maret/RSI_03_PLTS-IKN_WS-4_2026-Mar.xlsx,616127,bafb97ae0ba83b7ed7d18f7df37c2d0cc3ef36f6d9b37f550878b5534b201835,WS-4,EMI04,RSI,RSI_03,standardized,11070,2026-03-01 08:07:11.960,2026-03-31 15:26:13.381
DHI_PLTS-IKN_WS-4_2026-Mei.xlsx,2026/WS-4/Mei/DHI_PLTS-IKN_WS-4_2026-Mei.xlsx,1312382,1a03085c16ded6395418d88d8469438c9befc3508427d02a689681f40e3c98c3,WS-4,EMI04,DHI,,standardized,47009,2026-05-01 06:23:24.209,2026-05-31 17:55:35.216
DNIcosZ_PLTS-IKN_WS-4_2026-Mei.xlsx,2026/WS-4/Mei/DNIcosZ_PLTS-IKN_WS-4_2026-Mei.xlsx,516296,5aed96a87fac7df6e54a23469cf72e1e9b898d3c4566d06713d57bc89f4e457c,WS-4,EMI04,DNIcosZ,,standardized,4693,2026-05-01 11:13:04.100,2026-05-31 11:39:07.846
GHI_PLTS-IKN_WS-4_2026-Mei.xlsx,2026/WS-4/Mei/GHI_PLTS-IKN_WS-4_2026-Mei.xlsx,1666227,b6bce583bed22cafe51681814dd0430fcf5be164ca7a3ea9a54d16f303e3cd51,WS-4,EMI04,GHI,,standardized,49212,2026-05-01 06:22:54.506,2026-05-31 17:56:27.909
POA_PLTS-IKN_WS-4_2026-Mei.xlsx,2026/WS-4/Mei/POA_PLTS-IKN_WS-4_2026-Mei.xlsx,432521,ed26c0a35c06f4b646c77c1203befc6ae167083e842f06a8435b0f555e76a6b3,WS-4,EMI04,POA,,standardized,10,2026-05-21 17:46:27.898,2026-05-22 09:22:53.170
RSI_01_PLTS-IKN_WS-4_2026-Mei.xlsx,2026/WS-4/Mei/RSI_01_PLTS-IKN_WS-4_2026-Mei.xlsx,432513,c3b843caedd80b2004e020429a27b169d9abda82926eede5b41bcb50a16d0c07,WS-4,EMI04,RSI,RSI_01,standardized,10,2026-05-21 17:46:27.898,2026-05-22 09:22:53.170
RSI_02_PLTS-IKN_WS-4_2026-Mei.xlsx,2026/WS-4/Mei/RSI_02_PLTS-IKN_WS-4_2026-Mei.xlsx,432515,8ae384ade055c716b1e81c630d27268ce310871f5e86320cfc083623b03c4c5b,WS-4,EMI04,RSI,RSI_02,standardized,10,2026-05-21 17:46:27.898,2026-05-22 09:22:53.171
RSI_03_PLTS-IKN_WS-4_2026-Mei.xlsx,2026/WS-4/Mei/RSI_03_PLTS-IKN_WS-4_2026-Mei.xlsx,577837,f32de6b7fb59d2f20157001cfb83b372122b3b37123b6663f9087c04c8d04d2c,WS-4,EMI04,RSI,RSI_03,standardized,8935,2026-05-01 08:27:05.491,2026-05-31 15:03:08.892
Total_Irradiance_PLTS-IKN_WS-5_2026-Apr.xlsx,2026/WS-5/April/Total_Irradiance_PLTS-IKN_WS-5_2026-Apr.xlsx,11025326,a385dd3f9235f3a4e58f5853703b2ff2140ac151307c9c3bb5f0a1ff6cb7a890,WS-5,EMI05,GHI,,standardized,522276,2026-04-01 06:03:54.350,2026-04-30 18:11:53.834
Total_Irradiance_PLTS-IKN_WS-5_2026-Feb.xlsx,2026/WS-5/Februari/Total_Irradiance_PLTS-IKN_WS-5_2026-Feb.xlsx,10525034,fc464174a92ec255f589fd27b00b824ca6c91c1bb4eff79ebc7ad85819a5fe26,WS-5,EMI05,GHI,,standardized,498761,2026-02-01 06:15:38.986,2026-02-28 18:34:59.607
Total_Irradiance_PLTS-IKN_WS-5_2026-Jan.xlsx,2026/WS-5/Januari/Total_Irradiance_PLTS-IKN_WS-5_2026-Jan.xlsx,11043324,3555ea3a9130fac1e006bb0483ad3a15948b19bb12ef6ef67a03ba3d6cc5b30a,WS-5,EMI05,GHI,,standardized,526890,2026-01-01 06:20:25.642,2026-01-31 18:39:02.666
Total_Irradiance_PLTS-IKN_WS-5_2026-Juni.xlsx,2026/WS-5/Juni/Total_Irradiance_PLTS-IKN_WS-5_2026-Juni.xlsx,11286711,7057d265cace850bbf3dcbce024c1b57f638d82fa09be40ef74c4ced3b350fd5,WS-5,EMI05,GHI,,standardized,533171,2026-06-01 05:53:12.603,2026-06-30 23:52:08.111
Total_Irradiance_PLTS-IKN_WS-5_2026-Mar.xlsx,2026/WS-5/Maret/Total_Irradiance_PLTS-IKN_WS-5_2026-Mar.xlsx,12317665,a7b479c3c6f3177b804f44ec99e807b6d0e5148ed1212cc7c5a2779e0f933f25,WS-5,EMI05,GHI,,standardized,584942,2026-03-01 00:46:50.585,2026-03-31 21:29:03.397
Total_Irradiance_PLTS-IKN_WS-5_2026-Mei.xlsx,2026/WS-5/Mei/Total_Irradiance_PLTS-IKN_WS-5_2026-Mei.xlsx,11224165,fd25971295d0694a1956abf4981938b31f56bfc7d16c80e57dc8e592189bc337,WS-5,EMI05,GHI,,standardized,531970,2026-05-01 06:01:45.709,2026-05-31 19:49:45.299
